INSERT INTO Fall22_S004_13_SERVICE (SSID, S_TYPE)
VALUES (1, 'Consultancy');
INSERT INTO Fall22_S004_13_SERVICE (SSID, S_TYPE)
VALUES (2, 'Medicine');
INSERT INTO Fall22_S004_13_SERVICE (SSID, S_TYPE)
VALUES (3, 'Rooms');
INSERT INTO Fall22_S004_13_SERVICE (SSID, S_TYPE)
VALUES (4, 'Scan');
INSERT INTO Fall22_S004_13_SERVICE (SSID, S_TYPE)
VALUES (5, 'Test');
INSERT INTO Fall22_S004_13_SERVICE (SSID, S_TYPE)
VALUES (6, 'Surgery');

INSERT INTO Fall22_S004_13_PERSON (PID, FNAME, MNAME, LNAME, P_ADDRESS, GENDER, BDATE)
VALUES(13101,'Wileen','E','Hassewell','778 Graedel Park,75872','Female','6-Mar-99');
INSERT INTO Fall22_S004_13_PERSON (PID, FNAME, MNAME, LNAME, P_ADDRESS, GENDER, BDATE)
VALUES(13102,'Ranice','Astra','Oliffe','05 Vera Road,75005','Female','19-May-08');
INSERT INTO Fall22_S004_13_PERSON (PID, FNAME, MNAME, LNAME, P_ADDRESS, GENDER, BDATE)
VALUES(13103,'Leighton','','Budleigh','11 Del Mar Point,75367','Male','24-May-08');
INSERT INTO Fall22_S004_13_PERSON (PID, FNAME, MNAME, LNAME, P_ADDRESS, GENDER, BDATE)
VALUES(13104,'Ash','M','Reggio','64009 Swallow Lane,75526','Male','19-Jul-17');
INSERT INTO Fall22_S004_13_PERSON (PID, FNAME, MNAME, LNAME, P_ADDRESS, GENDER, BDATE)
VALUES(13105,'Ginnifer','E','Attwill','2465 Meadow Valley Pass,75016','Female','30-Apr-01');
INSERT INTO Fall22_S004_13_PERSON (PID, FNAME, MNAME, LNAME, P_ADDRESS, GENDER, BDATE)
VALUES(13106,'Miguel','Devlen','Lacheze','6398 Becker Street,75799','Male','20-Jan-20');
INSERT INTO Fall22_S004_13_PERSON (PID, FNAME, MNAME, LNAME, P_ADDRESS, GENDER, BDATE)
VALUES(13107,'Leopold','D','Brabender','9 Burning Wood Park,75451','Male','8-Oct-07');
INSERT INTO Fall22_S004_13_PERSON (PID, FNAME, MNAME, LNAME, P_ADDRESS, GENDER, BDATE)
VALUES(13108,'Kelsy','Zenia','Dessent','185 Northridge Crossing,75703','Female','21-Oct-20');
INSERT INTO Fall22_S004_13_PERSON (PID, FNAME, MNAME, LNAME, P_ADDRESS, GENDER, BDATE)
VALUES(13109,'Dietrich','Bondie','Kirkness','5252 Victoria Park,75093','Male','8-Nov-86');
INSERT INTO Fall22_S004_13_PERSON (PID, FNAME, MNAME, LNAME, P_ADDRESS, GENDER, BDATE)
VALUES(13110,'Cameron','','Ingarfill','8461 Fallview Avenue,75233','Male','13-Apr-94');
INSERT INTO Fall22_S004_13_PERSON (PID, FNAME, MNAME, LNAME, P_ADDRESS, GENDER, BDATE)
VALUES(13111,'Matthaeus','Bay','Forber','3368 Delladonna Alley,75259','Male','16-Aug-88');
INSERT INTO Fall22_S004_13_PERSON (PID, FNAME, MNAME, LNAME, P_ADDRESS, GENDER, BDATE)
VALUES(13112,'Hyacinth','Evanne','Biggin','2 Vernon Park,75449','Female','19-Oct-76');
INSERT INTO Fall22_S004_13_PERSON (PID, FNAME, MNAME, LNAME, P_ADDRESS, GENDER, BDATE)
VALUES(13113,'Melina','','Gaythorpe','89610 Graceland Avenue,75697','Female','3-Dec-04');
INSERT INTO Fall22_S004_13_PERSON (PID, FNAME, MNAME, LNAME, P_ADDRESS, GENDER, BDATE)
VALUES(13114,'Glyn','Townsend','Roalfe','13610 Village Park,75565','Male','19-Jul-15');
INSERT INTO Fall22_S004_13_PERSON (PID, FNAME, MNAME, LNAME, P_ADDRESS, GENDER, BDATE)
VALUES(13115,'Court','','Wallwork','890 Graedel Point,75341','Male','12-Feb-82');
INSERT INTO Fall22_S004_13_PERSON (PID, FNAME, MNAME, LNAME, P_ADDRESS, GENDER, BDATE)
VALUES(13116,'Aaron','Alwin','Caren','19136 Lyons Point,75737','Male','15-Jul-97');
INSERT INTO Fall22_S004_13_PERSON (PID, FNAME, MNAME, LNAME, P_ADDRESS, GENDER, BDATE)
VALUES(13117,'Myca','Jeremy','Chapelle','44767 Knutson Road,75302','Male','14-Feb-77');
INSERT INTO Fall22_S004_13_PERSON (PID, FNAME, MNAME, LNAME, P_ADDRESS, GENDER, BDATE)
VALUES(13118,'Vern','Clarke','Dinwoodie','0140 Debra Trail,75315','Non-binary','24-Jun-83');
INSERT INTO Fall22_S004_13_PERSON (PID, FNAME, MNAME, LNAME, P_ADDRESS, GENDER, BDATE)
VALUES(13119,'Brandais','','Breward','97 Transport Park,75281','Female','29-Mar-18');
INSERT INTO Fall22_S004_13_PERSON (PID, FNAME, MNAME, LNAME, P_ADDRESS, GENDER, BDATE)
VALUES(13120,'Bunni','Carmelle','Murford','834 Leroy Drive,75258','Female','21-Aug-08');
INSERT INTO Fall22_S004_13_PERSON (PID, FNAME, MNAME, LNAME, P_ADDRESS, GENDER, BDATE)
VALUES(13121,'Odie','','Ivanaev','4 Kings Terrace,75803','Non-binary','7-Feb-81');
INSERT INTO Fall22_S004_13_PERSON (PID, FNAME, MNAME, LNAME, P_ADDRESS, GENDER, BDATE)
VALUES(13122,'Devondra','Sara','Vauter','750 Valley Edge Plaza,75654','Female','3-Mar-06');
INSERT INTO Fall22_S004_13_PERSON (PID, FNAME, MNAME, LNAME, P_ADDRESS, GENDER, BDATE)
VALUES(13123,'Niel','Ignace','Drewes','1163 Chive Point,75536','Male','25-Feb-99');
INSERT INTO Fall22_S004_13_PERSON (PID, FNAME, MNAME, LNAME, P_ADDRESS, GENDER, BDATE)
VALUES(13124,'Terence','Tobie','Runacres','07 Twin Pines Place,75612','Male','21-Mar-92');
INSERT INTO Fall22_S004_13_PERSON (PID, FNAME, MNAME, LNAME, P_ADDRESS, GENDER, BDATE)
VALUES(13125,'Pippy','','Torvey','416 Killdeer Avenue,75131','Bigender','14-Feb-76');
INSERT INTO Fall22_S004_13_PERSON (PID, FNAME, MNAME, LNAME, P_ADDRESS, GENDER, BDATE)
VALUES(13126,'Deeyn','Neille','Southwell','7 Hermina Place,75802','Female','26-Jul-96');
INSERT INTO Fall22_S004_13_PERSON (PID, FNAME, MNAME, LNAME, P_ADDRESS, GENDER, BDATE)
VALUES(13127,'Nady','Lilith','Hovell','3 Carberry Street,75510','Agender','20-Jan-76');
INSERT INTO Fall22_S004_13_PERSON (PID, FNAME, MNAME, LNAME, P_ADDRESS, GENDER, BDATE)
VALUES(13128,'Mill','','Hartnup','858 Continental Parkway,75041','Male','12-Sep-16');
INSERT INTO Fall22_S004_13_PERSON (PID, FNAME, MNAME, LNAME, P_ADDRESS, GENDER, BDATE)
VALUES(13129,'Artemas','Allan','Wingham','54776 Elgar Alley,75014','Male','16-Sep-97');
INSERT INTO Fall22_S004_13_PERSON (PID, FNAME, MNAME, LNAME, P_ADDRESS, GENDER, BDATE)
VALUES(13130,'Randal','Ly','Targetter','399 Springs Way,75482','Male','29-Dec-19');
INSERT INTO Fall22_S004_13_PERSON (PID, FNAME, MNAME, LNAME, P_ADDRESS, GENDER, BDATE)
VALUES(13131,'Hewie','Samuele','Fidelli','179 Old Gate Crossing,75210','Male','3-Oct-01');
INSERT INTO Fall22_S004_13_PERSON (PID, FNAME, MNAME, LNAME, P_ADDRESS, GENDER, BDATE)
VALUES(13132,'Amaleta','Herta','Uzelli','0824 Porter Lane,75782','Female','27-Aug-81');
INSERT INTO Fall22_S004_13_PERSON (PID, FNAME, MNAME, LNAME, P_ADDRESS, GENDER, BDATE)
VALUES(13133,'Hyacintha','','Ripper','5489 Armistice Junction,75128','Female','17-Apr-84');
INSERT INTO Fall22_S004_13_PERSON (PID, FNAME, MNAME, LNAME, P_ADDRESS, GENDER, BDATE)
VALUES(13134,'Meg','Fay','Spolton','492 Golf Alley,75105','Polygender','19-Sep-01');
INSERT INTO Fall22_S004_13_PERSON (PID, FNAME, MNAME, LNAME, P_ADDRESS, GENDER, BDATE)
VALUES(13135,'Eddy','Phillie','Stallan','36266 Straubel Parkway,75842','Female','15-Jan-81');
INSERT INTO Fall22_S004_13_PERSON (PID, FNAME, MNAME, LNAME, P_ADDRESS, GENDER, BDATE)
VALUES(13136,'Marysa','','Lenham','89960 Rusk Place,75495','Female','7-Jul-03');
INSERT INTO Fall22_S004_13_PERSON (PID, FNAME, MNAME, LNAME, P_ADDRESS, GENDER, BDATE)
VALUES(13137,'Davey','Fran','Klimuk','56 Marcy Road,75143','Male','20-Dec-76');
INSERT INTO Fall22_S004_13_PERSON (PID, FNAME, MNAME, LNAME, P_ADDRESS, GENDER, BDATE)
VALUES(13138,'Bayard','Matthieu','Jaquet','19685 American Ash Alley,75316','Male','1-Jan-17');
INSERT INTO Fall22_S004_13_PERSON (PID, FNAME, MNAME, LNAME, P_ADDRESS, GENDER, BDATE)
VALUES(13139,'Benny','Dionis','Valsler','4065 Summer Ridge Way,75240','Female','12-Aug-87');
INSERT INTO Fall22_S004_13_PERSON (PID, FNAME, MNAME, LNAME, P_ADDRESS, GENDER, BDATE)
VALUES(13140,'Kristen','Marley','Karel','56 Florence Parkway,75795','Female','9-Jul-76');
INSERT INTO Fall22_S004_13_PERSON (PID, FNAME, MNAME, LNAME, P_ADDRESS, GENDER, BDATE)
VALUES(13141,'Ainsley','Caroline','O','4672 Mendota Point,75157','Female','1-Apr-11');
INSERT INTO Fall22_S004_13_PERSON (PID, FNAME, MNAME, LNAME, P_ADDRESS, GENDER, BDATE)
VALUES(13142,'Stacee','','Slocomb','5601 Grasskamp Road,75237','Male','27-Sep-92');
INSERT INTO Fall22_S004_13_PERSON (PID, FNAME, MNAME, LNAME, P_ADDRESS, GENDER, BDATE)
VALUES(13143,'Jerome','','Girardetti','42 Gina Junction,75491','Male','28-Aug-83');
INSERT INTO Fall22_S004_13_PERSON (PID, FNAME, MNAME, LNAME, P_ADDRESS, GENDER, BDATE)
VALUES(13144,'Trenton','','Bathurst','19615 Karstens Lane,75545','Male','1-Oct-91');
INSERT INTO Fall22_S004_13_PERSON (PID, FNAME, MNAME, LNAME, P_ADDRESS, GENDER, BDATE)
VALUES(13145,'Maryellen','','Ahrenius','53 Spohn Alley,75371','Female','21-Jul-04');
INSERT INTO Fall22_S004_13_PERSON (PID, FNAME, MNAME, LNAME, P_ADDRESS, GENDER, BDATE)
VALUES(13146,'Audie','','Liston','2 Sachtjen Point,75887','Female','20-Jan-77');
INSERT INTO Fall22_S004_13_PERSON (PID, FNAME, MNAME, LNAME, P_ADDRESS, GENDER, BDATE)
VALUES(13147,'Gianni','Finley','Cassey','7 Jenna Hill,75004','Male','5-Aug-88');
INSERT INTO Fall22_S004_13_PERSON (PID, FNAME, MNAME, LNAME, P_ADDRESS, GENDER, BDATE)
VALUES(13148,'Camel','Mada','Elsmere','6 Eastwood Crossing,75197','Bigender','25-May-87');
INSERT INTO Fall22_S004_13_PERSON (PID, FNAME, MNAME, LNAME, P_ADDRESS, GENDER, BDATE)
VALUES(13149,'Coralie','E','Kyneton','8958 Gina Pass,75265','Female','22-Jul-04');
INSERT INTO Fall22_S004_13_PERSON (PID, FNAME, MNAME, LNAME, P_ADDRESS, GENDER, BDATE)
VALUES(13150,'Delcine','','Takis','7 Buhler Crossing,75003','Female','9-May-83');
INSERT INTO Fall22_S004_13_PERSON (PID, FNAME, MNAME, LNAME, P_ADDRESS, GENDER, BDATE)
VALUES(13151,'Pippo','Keary','Rodolico','83 Schurz Way,75037','Male','7-Sep-04');
INSERT INTO Fall22_S004_13_PERSON (PID, FNAME, MNAME, LNAME, P_ADDRESS, GENDER, BDATE)
VALUES(13152,'Staffard','Rey','Phare','14229 Morning Court,75828','Male','25-May-91');
INSERT INTO Fall22_S004_13_PERSON (PID, FNAME, MNAME, LNAME, P_ADDRESS, GENDER, BDATE)
VALUES(13153,'Gwenny','Zora','Hasluck','03 Troy Lane,75220','Female','1-Feb-06');
INSERT INTO Fall22_S004_13_PERSON (PID, FNAME, MNAME, LNAME, P_ADDRESS, GENDER, BDATE)
VALUES(13154,'Walden','Denis','Kurt','7 Menomonie Drive,75704','Male','9-Dec-11');
INSERT INTO Fall22_S004_13_PERSON (PID, FNAME, MNAME, LNAME, P_ADDRESS, GENDER, BDATE)
VALUES(13155,'Lesley','Collen','Foye','765 Rigney Plaza,75896','Female','31-Jan-03');
INSERT INTO Fall22_S004_13_PERSON (PID, FNAME, MNAME, LNAME, P_ADDRESS, GENDER, BDATE)
VALUES(13156,'Jemmie','I','Allerton','28723 Maple Wood Court,75549','Female','21-Feb-99');
INSERT INTO Fall22_S004_13_PERSON (PID, FNAME, MNAME, LNAME, P_ADDRESS, GENDER, BDATE)
VALUES(13157,'Isaiah','Brad','Chadderton','18659 Porter Way,75435','Male','3-Jul-85');
INSERT INTO Fall22_S004_13_PERSON (PID, FNAME, MNAME, LNAME, P_ADDRESS, GENDER, BDATE)
VALUES(13158,'Sigmund','Alfy','Carnson','7 Oak Valley Hill,75223','Genderqueer','19-Dec-00');
INSERT INTO Fall22_S004_13_PERSON (PID, FNAME, MNAME, LNAME, P_ADDRESS, GENDER, BDATE)
VALUES(13159,'Trace','Tomas','Tenant','9395 Welch Way,75730','Male','11-Nov-89');
INSERT INTO Fall22_S004_13_PERSON (PID, FNAME, MNAME, LNAME, P_ADDRESS, GENDER, BDATE)
VALUES(13160,'Stephen','Davidde','Powrie','20982 Mesta Pass,75227','Male','24-May-99');
INSERT INTO Fall22_S004_13_PERSON (PID, FNAME, MNAME, LNAME, P_ADDRESS, GENDER, BDATE)
VALUES(13161,'Thorpe','C','Suddaby','25 Harbort Pass,75385','Male','15-Oct-88');
INSERT INTO Fall22_S004_13_PERSON (PID, FNAME, MNAME, LNAME, P_ADDRESS, GENDER, BDATE)
VALUES(13162,'Tobias','Sloane','Cornilli','9 Carpenter Alley,75362','Male','24-Jul-21');
INSERT INTO Fall22_S004_13_PERSON (PID, FNAME, MNAME, LNAME, P_ADDRESS, GENDER, BDATE)
VALUES(13163,'Lemar','','Binding','056 Gulseth Crossing,75463','Male','7-Oct-03');
INSERT INTO Fall22_S004_13_PERSON (PID, FNAME, MNAME, LNAME, P_ADDRESS, GENDER, BDATE)
VALUES(13164,'Tamarah','A','Ivatt','3949 Scoville Junction,75020','Female','11-Sep-86');
INSERT INTO Fall22_S004_13_PERSON (PID, FNAME, MNAME, LNAME, P_ADDRESS, GENDER, BDATE)
VALUES(13165,'Althea','P','Toye','7929 Jay Avenue,75442','Female','4-Dec-90');
INSERT INTO Fall22_S004_13_PERSON (PID, FNAME, MNAME, LNAME, P_ADDRESS, GENDER, BDATE)
VALUES(13166,'Philip','Vassili','Eadie','27793 Scott Road,75331','Male','19-Apr-13');
INSERT INTO Fall22_S004_13_PERSON (PID, FNAME, MNAME, LNAME, P_ADDRESS, GENDER, BDATE)
VALUES(13167,'Andres','Windham','Jouhning','40 Stang Hill,75886','Male','8-Oct-83');
INSERT INTO Fall22_S004_13_PERSON (PID, FNAME, MNAME, LNAME, P_ADDRESS, GENDER, BDATE)
VALUES(13168,'Bobbette','Heloise','Hackett','9 Lunder Road,75611','Female','30-May-78');
INSERT INTO Fall22_S004_13_PERSON (PID, FNAME, MNAME, LNAME, P_ADDRESS, GENDER, BDATE)
VALUES(13169,'Cyrillus','Orlando','Brotherhood','39757 Longview Road,75852','Male','20-Nov-84');
INSERT INTO Fall22_S004_13_PERSON (PID, FNAME, MNAME, LNAME, P_ADDRESS, GENDER, BDATE)
VALUES(13170,'Jeanine','Jammie','Carlick','1 Del Sol Avenue,75709','Female','19-Sep-84');
INSERT INTO Fall22_S004_13_PERSON (PID, FNAME, MNAME, LNAME, P_ADDRESS, GENDER, BDATE)
VALUES(13171,'Thorstein','Ira','Melmar','29 Dryden Drive,75054','Male','10-Aug-79');
INSERT INTO Fall22_S004_13_PERSON (PID, FNAME, MNAME, LNAME, P_ADDRESS, GENDER, BDATE)
VALUES(13172,'Evvie','','Gorring','6122 Mccormick Lane,75089','Female','26-Jan-89');
INSERT INTO Fall22_S004_13_PERSON (PID, FNAME, MNAME, LNAME, P_ADDRESS, GENDER, BDATE)
VALUES(13173,'Tab','','Wheble','0049 Dottie Place,75322','Male','27-Jul-96');
INSERT INTO Fall22_S004_13_PERSON (PID, FNAME, MNAME, LNAME, P_ADDRESS, GENDER, BDATE)
VALUES(13174,'Aggy','','Udell','02401 Troy Park,75647','Agender','11-Apr-20');
INSERT INTO Fall22_S004_13_PERSON (PID, FNAME, MNAME, LNAME, P_ADDRESS, GENDER, BDATE)
VALUES(13175,'Dolf','Trevar','Champness','8044 Hoffman Junction,75548','Male','8-Oct-02');
INSERT INTO Fall22_S004_13_PERSON (PID, FNAME, MNAME, LNAME, P_ADDRESS, GENDER, BDATE)
VALUES(13176,'Seward','Hilton','Charlwood','70 Green Ridge Parkway,75731','Male','29-Dec-08');
INSERT INTO Fall22_S004_13_PERSON (PID, FNAME, MNAME, LNAME, P_ADDRESS, GENDER, BDATE)
VALUES(13177,'Giulietta','','Boagey','1 Carioca Terrace,75862','Non-binary','25-Apr-94');
INSERT INTO Fall22_S004_13_PERSON (PID, FNAME, MNAME, LNAME, P_ADDRESS, GENDER, BDATE)
VALUES(13178,'Harley','Kirk','Hilley','112 Lawn Circle,75274','Male','20-Mar-10');
INSERT INTO Fall22_S004_13_PERSON (PID, FNAME, MNAME, LNAME, P_ADDRESS, GENDER, BDATE)
VALUES(13179,'Emmott','Jere','Stealy','30266 Colorado Crossing,75210','Male','27-Mar-88');
INSERT INTO Fall22_S004_13_PERSON (PID, FNAME, MNAME, LNAME, P_ADDRESS, GENDER, BDATE)
VALUES(13180,'Stephanie','Harriett','Langley','73 West Avenue,75618','Female','12-Jan-03');
INSERT INTO Fall22_S004_13_PERSON (PID, FNAME, MNAME, LNAME, P_ADDRESS, GENDER, BDATE)
VALUES(13181,'Doy','Miltie','Brandolini','6330 Dahle Point,75191','Male','12-Jan-88');
INSERT INTO Fall22_S004_13_PERSON (PID, FNAME, MNAME, LNAME, P_ADDRESS, GENDER, BDATE)
VALUES(13182,'Gun','S','Arnatt','89512 Karstens Parkway,75279','Male','30-Nov-94');
INSERT INTO Fall22_S004_13_PERSON (PID, FNAME, MNAME, LNAME, P_ADDRESS, GENDER, BDATE)
VALUES(13183,'Harli','Phoebe','Titterington','21193 Fieldstone Center,75335','Female','11-Aug-15');
INSERT INTO Fall22_S004_13_PERSON (PID, FNAME, MNAME, LNAME, P_ADDRESS, GENDER, BDATE)
VALUES(13184,'Sansone','Waldo','Garforth','0807 Lawn Way,75598','Male','20-Aug-20');
INSERT INTO Fall22_S004_13_PERSON (PID, FNAME, MNAME, LNAME, P_ADDRESS, GENDER, BDATE)
VALUES(13185,'Dewain','','MacKeller','81891 Walton Hill,75374','Male','21-Aug-83');
INSERT INTO Fall22_S004_13_PERSON (PID, FNAME, MNAME, LNAME, P_ADDRESS, GENDER, BDATE)
VALUES(13186,'Livvyy','','Seres','5 Russell Point,75220','Non-binary','17-May-08');
INSERT INTO Fall22_S004_13_PERSON (PID, FNAME, MNAME, LNAME, P_ADDRESS, GENDER, BDATE)
VALUES(13187,'Tiphanie','Gale','Kunath','9 Superior Lane,75690','Female','4-Dec-79');
INSERT INTO Fall22_S004_13_PERSON (PID, FNAME, MNAME, LNAME, P_ADDRESS, GENDER, BDATE)
VALUES(13188,'Lynn','Nan','Fearnsides','9 Merrick Way,75728','Female','28-Jan-95');
INSERT INTO Fall22_S004_13_PERSON (PID, FNAME, MNAME, LNAME, P_ADDRESS, GENDER, BDATE)
VALUES(13189,'Sharron','Tabatha','Giovanni','38 Iowa Road,75059','Female','2-Nov-80');
INSERT INTO Fall22_S004_13_PERSON (PID, FNAME, MNAME, LNAME, P_ADDRESS, GENDER, BDATE)
VALUES(13190,'Elicia','Rosina','MacAllister','496 Bunker Hill Terrace,75827','Female','6-Oct-95');
INSERT INTO Fall22_S004_13_PERSON (PID, FNAME, MNAME, LNAME, P_ADDRESS, GENDER, BDATE)
VALUES(13191,'Lou','Gwendolen','Nowill','97247 Pepper Wood Hill,75445','Female','24-Jul-06');
INSERT INTO Fall22_S004_13_PERSON (PID, FNAME, MNAME, LNAME, P_ADDRESS, GENDER, BDATE)
VALUES(13192,'Vere','','Delf','945 Hudson Park,75396','Agender','8-Dec-87');
INSERT INTO Fall22_S004_13_PERSON (PID, FNAME, MNAME, LNAME, P_ADDRESS, GENDER, BDATE)
VALUES(13193,'Em','','Yashin','575 Crownhardt Plaza,75669','Female','25-Jun-04');
INSERT INTO Fall22_S004_13_PERSON (PID, FNAME, MNAME, LNAME, P_ADDRESS, GENDER, BDATE)
VALUES(13194,'Nick','','Coraini','241 Alpine Trail,75898','Male','19-Jun-86');
INSERT INTO Fall22_S004_13_PERSON (PID, FNAME, MNAME, LNAME, P_ADDRESS, GENDER, BDATE)
VALUES(13195,'Phylis','','Michurin','870 Pennsylvania Plaza,75033','Female','13-Jan-97');
INSERT INTO Fall22_S004_13_PERSON (PID, FNAME, MNAME, LNAME, P_ADDRESS, GENDER, BDATE)
VALUES(13196,'Powell','','ducarme','9656 Redwing Crossing,75295','Male','29-Mar-18');
INSERT INTO Fall22_S004_13_PERSON (PID, FNAME, MNAME, LNAME, P_ADDRESS, GENDER, BDATE)
VALUES(13197,'Antonin','','Lesley','8 Menomonie Drive,75660','Male','19-Nov-21');
INSERT INTO Fall22_S004_13_PERSON (PID, FNAME, MNAME, LNAME, P_ADDRESS, GENDER, BDATE)
VALUES(13198,'Derek','G','Incogna','0 Upham Trail,75657','Male','9-Aug-98');
INSERT INTO Fall22_S004_13_PERSON (PID, FNAME, MNAME, LNAME, P_ADDRESS, GENDER, BDATE)
VALUES(13199,'Codee','Kira','Frake','52 Kropf Place,75470','Female','9-Sep-86');
INSERT INTO Fall22_S004_13_PERSON (PID, FNAME, MNAME, LNAME, P_ADDRESS, GENDER, BDATE)
VALUES(13200,'Linn','Thaxter','Poleykett','56642 Burning Wood Park,75714','Male','29-May-90');

INSERT INTO Fall22_S004_13_ROOMS (SSID, RID, BEDS, CHARGE)
VALUES (2, 100, 1, 1500.00);
INSERT INTO Fall22_S004_13_ROOMS (SSID, RID, BEDS, CHARGE)
VALUES (2, 101, 1, 1250.00);
INSERT INTO Fall22_S004_13_ROOMS (SSID, RID, BEDS, CHARGE)
VALUES (2, 102, 2, 1050.00);
INSERT INTO Fall22_S004_13_ROOMS (SSID, RID, BEDS, CHARGE)
VALUES (2, 200, 2, 1800.00);
INSERT INTO Fall22_S004_13_ROOMS (SSID, RID, BEDS, CHARGE)
VALUES (2, 201, 2, 1550.00);
INSERT INTO Fall22_S004_13_ROOMS (SSID, RID, BEDS, CHARGE)
VALUES (2, 300, 2, 3500.00);
INSERT INTO Fall22_S004_13_ROOMS (SSID, RID, BEDS, CHARGE)
VALUES (2, 301, 2, 4000.00);

INSERT INTO Fall22_S004_13_ENTERPRISE(REGIONID)
VALUES('TX');

INSERT INTO Fall22_S004_13_HOSPITAL(HID, HNAME, STREET, CITY, ZIP, REGIONID, REGISTERED_BEDS)
VALUES(801, 'BaylorScott-White - Burleson', '12500 South Freeway, Suite 100', 'Burleson', 76028,'TX', 390);
INSERT INTO Fall22_S004_13_HOSPITAL(HID, HNAME, STREET, CITY, ZIP, REGIONID, REGISTERED_BEDS)
VALUES(802, 'BaylorScott-White - Colleyville', '5500 Colleyville Blvd', 'Colleyville', 76034,'TX', 302);
INSERT INTO Fall22_S004_13_HOSPITAL(HID, HNAME, STREET, CITY, ZIP, REGIONID, REGISTERED_BEDS)
VALUES(803, 'BaylorScott-White - Grand Prairie', '3095 Kingswood Blvd', 'Grand Prairie', 75052,'TX', 210);
INSERT INTO Fall22_S004_13_HOSPITAL(HID, HNAME, STREET, CITY, ZIP, REGIONID, REGISTERED_BEDS)
VALUES(804, 'BaylorScott-White - Fort Worth', '1400 8th Ave', 'Fort Worth', 76104,'TX', 231);
INSERT INTO Fall22_S004_13_HOSPITAL(HID, HNAME, STREET, CITY, ZIP, REGIONID, REGISTERED_BEDS)
VALUES(805, 'BaylorScott-White - Dallas', '3500 Gaston Ave', 'Dallas', 75246,'TX', 124);

INSERT INTO Fall22_S004_13_DEPARTMENT(DID, D_NAME, STARTING_DATE, HID, EID)
VALUES(1100, 'Admin',NULL, 801, NULL);
INSERT INTO Fall22_S004_13_DEPARTMENT(DID, D_NAME, STARTING_DATE, HID, EID)
VALUES(2100, 'Admin',NULL, 802, NULL);
INSERT INTO Fall22_S004_13_DEPARTMENT(DID, D_NAME, STARTING_DATE, HID, EID)
VALUES(3100, 'Admin',NULL, 803, NULL);
INSERT INTO Fall22_S004_13_DEPARTMENT(DID, D_NAME, STARTING_DATE, HID, EID)
VALUES(4100, 'Admin',NULL, 804, NULL);
INSERT INTO Fall22_S004_13_DEPARTMENT(DID, D_NAME, STARTING_DATE, HID, EID)
VALUES(5100, 'Admin',NULL, 805, NULL);

INSERT INTO Fall22_S004_13_DEPARTMENT(DID, D_NAME, STARTING_DATE, HID, EID)
VALUES(1101, 'General',NULL, 801, NULL);
INSERT INTO Fall22_S004_13_DEPARTMENT(DID, D_NAME, STARTING_DATE, HID, EID)
VALUES(2101, 'General',NULL, 802, NULL);
INSERT INTO Fall22_S004_13_DEPARTMENT(DID, D_NAME, STARTING_DATE, HID, EID)
VALUES(3101, 'General',NULL, 803, NULL);
INSERT INTO Fall22_S004_13_DEPARTMENT(DID, D_NAME, STARTING_DATE, HID, EID)
VALUES(4101, 'General',NULL, 804, NULL);
INSERT INTO Fall22_S004_13_DEPARTMENT(DID, D_NAME, STARTING_DATE, HID, EID)
VALUES(5101, 'General',NULL, 805, NULL);

INSERT INTO Fall22_S004_13_DEPARTMENT(DID, D_NAME, STARTING_DATE, HID, EID)
VALUES(1102, 'Surgery',NULL, 801, NULL);
INSERT INTO Fall22_S004_13_DEPARTMENT(DID, D_NAME, STARTING_DATE, HID, EID)
VALUES(2102, 'Surgery',NULL, 802, NULL);
INSERT INTO Fall22_S004_13_DEPARTMENT(DID, D_NAME, STARTING_DATE, HID, EID)
VALUES(3102, 'Surgery',NULL, 803, NULL);
INSERT INTO Fall22_S004_13_DEPARTMENT(DID, D_NAME, STARTING_DATE, HID, EID)
VALUES(4102, 'Surgery',NULL, 804, NULL);
INSERT INTO Fall22_S004_13_DEPARTMENT(DID, D_NAME, STARTING_DATE, HID, EID)
VALUES(5102, 'Surgery',NULL, 805, NULL);

INSERT INTO Fall22_S004_13_DEPARTMENT(DID, D_NAME, STARTING_DATE, HID, EID)
VALUES(1103, 'Cardiology',NULL, 801, NULL);
INSERT INTO Fall22_S004_13_DEPARTMENT(DID, D_NAME, STARTING_DATE, HID, EID)
VALUES(2103, 'Cardiology',NULL, 802, NULL);
INSERT INTO Fall22_S004_13_DEPARTMENT(DID, D_NAME, STARTING_DATE, HID, EID)
VALUES(3103, 'Cardiology',NULL, 803, NULL);
INSERT INTO Fall22_S004_13_DEPARTMENT(DID, D_NAME, STARTING_DATE, HID, EID)
VALUES(4103, 'Cardiology',NULL, 804, NULL);
INSERT INTO Fall22_S004_13_DEPARTMENT(DID, D_NAME, STARTING_DATE, HID, EID)
VALUES(5103, 'Cardiology',NULL, 805, NULL);

INSERT INTO Fall22_S004_13_DEPARTMENT(DID, D_NAME, STARTING_DATE, HID, EID)
VALUES(1104, 'Dermatology',NULL, 801, NULL);
INSERT INTO Fall22_S004_13_DEPARTMENT(DID, D_NAME, STARTING_DATE, HID, EID)
VALUES(2104, 'Dermatology',NULL, 802, NULL);
INSERT INTO Fall22_S004_13_DEPARTMENT(DID, D_NAME, STARTING_DATE, HID, EID)
VALUES(3104, 'Dermatology',NULL, 803, NULL);
INSERT INTO Fall22_S004_13_DEPARTMENT(DID, D_NAME, STARTING_DATE, HID, EID)
VALUES(4104, 'Dermatology',NULL, 804, NULL);
INSERT INTO Fall22_S004_13_DEPARTMENT(DID, D_NAME, STARTING_DATE, HID, EID)
VALUES(5104, 'Dermatology',NULL, 805, NULL);

INSERT INTO Fall22_S004_13_EMPLOYEE (PID, EID, SALARY, SSN, EMPTYPE, DID, S_DATE, E_DATE)
VALUES (13109,128,8941,364462263,'Nurse',1101,'13-Oct-16',NULL);
INSERT INTO Fall22_S004_13_EMPLOYEE (PID, EID, SALARY, SSN, EMPTYPE, DID, S_DATE, E_DATE)
VALUES (13111,135,31628,152785686,'Doctor',2104,'21-Jun-19',NULL);
INSERT INTO Fall22_S004_13_EMPLOYEE (PID, EID, SALARY, SSN, EMPTYPE, DID, S_DATE, E_DATE)
VALUES (13112,104,34686,680016302,'Nurse',3101,'07-Jun-10',NULL);
INSERT INTO Fall22_S004_13_EMPLOYEE (PID, EID, SALARY, SSN, EMPTYPE, DID, S_DATE, E_DATE)
VALUES (13115,115,18225,105687070,'Nurse',4104,'02-Jul-12',NULL);
INSERT INTO Fall22_S004_13_EMPLOYEE (PID, EID, SALARY, SSN, EMPTYPE, DID, S_DATE, E_DATE)
VALUES (13117,107,16978,159488184,'Nurse',5101,'10-Aug-10',NULL);
INSERT INTO Fall22_S004_13_EMPLOYEE (PID, EID, SALARY, SSN, EMPTYPE, DID, S_DATE, E_DATE)
VALUES (13118,117,5801,344234176,'Nurse',1102,'29-Oct-12',NULL);
INSERT INTO Fall22_S004_13_EMPLOYEE (PID, EID, SALARY, SSN, EMPTYPE, DID, S_DATE, E_DATE)
VALUES (13121,113,9162,759247442,'Doctor',2104,'16-Feb-12',NULL);
INSERT INTO Fall22_S004_13_EMPLOYEE (PID, EID, SALARY, SSN, EMPTYPE, DID, S_DATE, E_DATE)
VALUES (13125,102,18156,304806021,'Nurse',3101,'29-Mar-10',NULL);
INSERT INTO Fall22_S004_13_EMPLOYEE (PID, EID, SALARY, SSN, EMPTYPE, DID, S_DATE, E_DATE)
VALUES (13127,101,15391,253785509,'Doctor',4102,'02-Sep-09','28-May-19');
INSERT INTO Fall22_S004_13_EMPLOYEE (PID, EID, SALARY, SSN, EMPTYPE, DID, S_DATE, E_DATE)
VALUES (13132,114,14638,832460288,'Doctor',5101,'04-Apr-12',NULL);
INSERT INTO Fall22_S004_13_EMPLOYEE (PID, EID, SALARY, SSN, EMPTYPE, DID, S_DATE, E_DATE)
VALUES (13133,121,20823,330088879,'Nurse',1104,'05-Nov-14',NULL);
INSERT INTO Fall22_S004_13_EMPLOYEE (PID, EID, SALARY, SSN, EMPTYPE, DID, S_DATE, E_DATE)
VALUES (13135,112,7115,667108754,'Nurse',2103,'22-Jan-12',NULL);
INSERT INTO Fall22_S004_13_EMPLOYEE (PID, EID, SALARY, SSN, EMPTYPE, DID, S_DATE, E_DATE)
VALUES (13137,105,22680,774714472,'Nurse',3104,'24-Jun-10',NULL);
INSERT INTO Fall22_S004_13_EMPLOYEE (PID, EID, SALARY, SSN, EMPTYPE, DID, S_DATE, E_DATE)
VALUES (13139,130,6809,292764159,'Doctor',4102,'15-Apr-17',NULL);
INSERT INTO Fall22_S004_13_EMPLOYEE (PID, EID, SALARY, SSN, EMPTYPE, DID, S_DATE, E_DATE)
VALUES (13140,103,29363,541805502,'Doctor',5102,'13-May-10',NULL);
INSERT INTO Fall22_S004_13_EMPLOYEE (PID, EID, SALARY, SSN, EMPTYPE, DID, S_DATE, E_DATE)
VALUES (13143,119,32962,654523821,'Doctor',1103,'04-Mar-13',NULL);
INSERT INTO Fall22_S004_13_EMPLOYEE (PID, EID, SALARY, SSN, EMPTYPE, DID, S_DATE, E_DATE)
VALUES (13144,142,34384,898810623,'Admin',2100,'02-Sep-21',NULL);
INSERT INTO Fall22_S004_13_EMPLOYEE (PID, EID, SALARY, SSN, EMPTYPE, DID, S_DATE, E_DATE)
VALUES (13146,106,12820,781094089,'Admin',3100,'02-Sep-09',NULL);
INSERT INTO Fall22_S004_13_EMPLOYEE (PID, EID, SALARY, SSN, EMPTYPE, DID, S_DATE, E_DATE)
VALUES (13147,134,15029,511810288,'Admin',4100,'24-Apr-19',NULL);
INSERT INTO Fall22_S004_13_EMPLOYEE (PID, EID, SALARY, SSN, EMPTYPE, DID, S_DATE, E_DATE)
VALUES (13148,129,24042,765262388,'Nurse',5104,'06-Dec-16',NULL);
INSERT INTO Fall22_S004_13_EMPLOYEE (PID, EID, SALARY, SSN, EMPTYPE, DID, S_DATE, E_DATE)
VALUES (13150,116,27400,816611670,'Doctor',1101,'24-Sep-12',NULL);
INSERT INTO Fall22_S004_13_EMPLOYEE (PID, EID, SALARY, SSN, EMPTYPE, DID, S_DATE, E_DATE)
VALUES (13152,141,8982,409085820,'Nurse',2102,'11-Jun-21',NULL);
INSERT INTO Fall22_S004_13_EMPLOYEE (PID, EID, SALARY, SSN, EMPTYPE, DID, S_DATE, E_DATE)
VALUES (13157,124,13530,186697623,'Doctor',3104,'16-May-15',NULL);
INSERT INTO Fall22_S004_13_EMPLOYEE (PID, EID, SALARY, SSN, EMPTYPE, DID, S_DATE, E_DATE)
VALUES (13159,138,5548,699956098,'Nurse',4104,'02-Mar-20',NULL);
INSERT INTO Fall22_S004_13_EMPLOYEE (PID, EID, SALARY, SSN, EMPTYPE, DID, S_DATE, E_DATE)
VALUES (13161,136,8484,818802216,'Admin',5100,'07-Aug-19',NULL);
INSERT INTO Fall22_S004_13_EMPLOYEE (PID, EID, SALARY, SSN, EMPTYPE, DID, S_DATE, E_DATE)
VALUES (13164,127,27207,614455242,'Nurse',1101,'12-Sep-15',NULL);
INSERT INTO Fall22_S004_13_EMPLOYEE (PID, EID, SALARY, SSN, EMPTYPE, DID, S_DATE, E_DATE)
VALUES (13165,140,10567,428207327,'Nurse',2101,'16-Oct-20',NULL);
INSERT INTO Fall22_S004_13_EMPLOYEE (PID, EID, SALARY, SSN, EMPTYPE, DID, S_DATE, E_DATE)
VALUES (13167,120,28449,107907479,'Nurse',3102,'11-Dec-13',NULL);
INSERT INTO Fall22_S004_13_EMPLOYEE (PID, EID, SALARY, SSN, EMPTYPE, DID, S_DATE, E_DATE)
VALUES (13168,108,13853,568463133,'Doctor',4101,'19-Aug-10',NULL);
INSERT INTO Fall22_S004_13_EMPLOYEE (PID, EID, SALARY, SSN, EMPTYPE, DID, S_DATE, E_DATE)
VALUES (13169,123,27993,285854212,'Nurse',5101,'03-Apr-15',NULL);
INSERT INTO Fall22_S004_13_EMPLOYEE (PID, EID, SALARY, SSN, EMPTYPE, DID, S_DATE, E_DATE)
VALUES (13170,122,10086,135136750,'Nurse',1104,'04-Jan-15',NULL);
INSERT INTO Fall22_S004_13_EMPLOYEE (PID, EID, SALARY, SSN, EMPTYPE, DID, S_DATE, E_DATE)
VALUES (13171,109,20279,221129628,'Admin',2100,'20-Sep-10',NULL);
INSERT INTO Fall22_S004_13_EMPLOYEE (PID, EID, SALARY, SSN, EMPTYPE, DID, S_DATE, E_DATE)
VALUES (13172,137,27814,699581764,'Nurse',3103,'20-Feb-20',NULL);
INSERT INTO Fall22_S004_13_EMPLOYEE (PID, EID, SALARY, SSN, EMPTYPE, DID, S_DATE, E_DATE)
VALUES (13179,133,6803,830472396,'Doctor',4104,'18-Apr-18',NULL);
INSERT INTO Fall22_S004_13_EMPLOYEE (PID, EID, SALARY, SSN, EMPTYPE, DID, S_DATE, E_DATE)
VALUES (13181,132,7653,498014824,'Admin',5100,'05-Feb-18',NULL);
INSERT INTO Fall22_S004_13_EMPLOYEE (PID, EID, SALARY, SSN, EMPTYPE, DID, S_DATE, E_DATE)
VALUES (13185,118,31423,524447537,'Nurse',1104,'02-Sep-09',NULL);
INSERT INTO Fall22_S004_13_EMPLOYEE (PID, EID, SALARY, SSN, EMPTYPE, DID, S_DATE, E_DATE)
VALUES (13187,110,18216,737431484,'Nurse',2103,'02-Sep-09',NULL);
INSERT INTO Fall22_S004_13_EMPLOYEE (PID, EID, SALARY, SSN, EMPTYPE, DID, S_DATE, E_DATE)
VALUES (13189,111,32328,674343437,'Nurse',3102,'11-Aug-11',NULL);
INSERT INTO Fall22_S004_13_EMPLOYEE (PID, EID, SALARY, SSN, EMPTYPE, DID, S_DATE, E_DATE)
VALUES (13192,131,17241,486150424,'Nurse',4102,'29-Oct-17',NULL);
INSERT INTO Fall22_S004_13_EMPLOYEE (PID, EID, SALARY, SSN, EMPTYPE, DID, S_DATE, E_DATE)
VALUES (13194,125,30674,346436902,'Nurse',5104,'13-Jul-15',NULL);
INSERT INTO Fall22_S004_13_EMPLOYEE (PID, EID, SALARY, SSN, EMPTYPE, DID, S_DATE, E_DATE)
VALUES (13199,126,32654,110146142,'Doctor',1102,'17-Aug-15',NULL);
INSERT INTO Fall22_S004_13_EMPLOYEE (PID, EID, SALARY, SSN, EMPTYPE, DID, S_DATE, E_DATE)
VALUES (13200,139,11997,780061751,'Admin',2100,'02-Jun-20',NULL);

UPDATE Fall22_S004_13_DEPARTMENT
SET STARTING_DATE = '02-Nov-21', EID = 142
WHERE HID = 801 AND DID = 1100;
UPDATE Fall22_S004_13_DEPARTMENT
SET STARTING_DATE = '24-Aug-19', EID = 134
WHERE HID = 802 AND DID = 2100;
UPDATE Fall22_S004_13_DEPARTMENT
SET STARTING_DATE = '07-Aug-20', EID = 136
WHERE HID = 803 AND DID = 3100;
UPDATE Fall22_S004_13_DEPARTMENT
SET STARTING_DATE = '20-Sep-11', EID = 109
WHERE HID = 804 AND DID = 4100;
UPDATE Fall22_S004_13_DEPARTMENT
SET STARTING_DATE = '05-Feb-19', EID = 132
WHERE HID = 805 AND DID = 5100;

UPDATE Fall22_S004_13_DEPARTMENT
SET STARTING_DATE = '21-Jun-19', EID = 135
WHERE HID = 801 AND DID = 1101;
UPDATE Fall22_S004_13_DEPARTMENT
SET STARTING_DATE = '16-Feb-13', EID = 113
WHERE HID = 802 AND DID = 2101;
UPDATE Fall22_S004_13_DEPARTMENT
SET STARTING_DATE = '04-Apr-13', EID = 114
WHERE HID = 803 AND DID = 3101;
UPDATE Fall22_S004_13_DEPARTMENT
SET STARTING_DATE = '15-Apr-18', EID = 130
WHERE HID = 804 AND DID = 4101;
UPDATE Fall22_S004_13_DEPARTMENT
SET STARTING_DATE = '13-May-11', EID = 103
WHERE HID = 805 AND DID = 5101;

UPDATE Fall22_S004_13_DEPARTMENT
SET STARTING_DATE = '04-Mar-14', EID = 119
WHERE HID = 801 AND DID = 1102;
UPDATE Fall22_S004_13_DEPARTMENT
SET STARTING_DATE = '24-Sep-13', EID = 116
WHERE HID = 802 AND DID = 2102;
UPDATE Fall22_S004_13_DEPARTMENT
SET STARTING_DATE = '16-May-16', EID = 124
WHERE HID = 803 AND DID = 3102;
UPDATE Fall22_S004_13_DEPARTMENT
SET STARTING_DATE = '19-Aug-11', EID = 108
WHERE HID = 804 AND DID = 4102;
UPDATE Fall22_S004_13_DEPARTMENT
SET STARTING_DATE = '18-Apr-18', EID = 133
WHERE HID = 805 AND DID = 5102;

UPDATE Fall22_S004_13_DEPARTMENT
SET STARTING_DATE = '17-Aug-16', EID = 126
WHERE HID = 801 AND DID = 1103;
UPDATE Fall22_S004_13_DEPARTMENT
SET STARTING_DATE = '13-Oct-17', EID = 128
WHERE HID = 802 AND DID = 2103;
UPDATE Fall22_S004_13_DEPARTMENT
SET STARTING_DATE = '07-Jun-11', EID = 104
WHERE HID = 803 AND DID = 3103;
UPDATE Fall22_S004_13_DEPARTMENT
SET STARTING_DATE = '02-Jul-13', EID = 115
WHERE HID = 804 AND DID = 4103;
UPDATE Fall22_S004_13_DEPARTMENT
SET STARTING_DATE = '10-Aug-12', EID = 107
WHERE HID = 805 AND DID = 5103;

UPDATE Fall22_S004_13_DEPARTMENT
SET STARTING_DATE = '29-Oct-13', EID = 117
WHERE HID = 801 AND DID = 1104;
UPDATE Fall22_S004_13_DEPARTMENT
SET STARTING_DATE = '29-Mar-11', EID = 102
WHERE HID = 802 AND DID = 2104;
UPDATE Fall22_S004_13_DEPARTMENT
SET STARTING_DATE = '05-Nov-15', EID = 121
WHERE HID = 803 AND DID = 3104;
UPDATE Fall22_S004_13_DEPARTMENT
SET STARTING_DATE = '22-Jan-13', EID = 112
WHERE HID = 804 AND DID = 4104;
UPDATE Fall22_S004_13_DEPARTMENT
SET STARTING_DATE = '24-Jun-11', EID = 105
WHERE HID = 805 AND DID = 5104;

INSERT INTO Fall22_S004_13_PHARMACY_INVENTORY(PrID, QUANTITY, PI_NAME, HID)
VALUES(1, 500 ,'BaylorScott-White - Burleson', 801);
INSERT INTO Fall22_S004_13_PHARMACY_INVENTORY(PrID, QUANTITY, PI_NAME, HID)
VALUES(2, 400, 'BaylorScott-White - Colleyville', 802);
INSERT INTO Fall22_S004_13_PHARMACY_INVENTORY(PrID, QUANTITY, PI_NAME, HID)
VALUES(3, 600, 'BaylorScott-White - Grand Prairie', 803);
INSERT INTO Fall22_S004_13_PHARMACY_INVENTORY(PrID, QUANTITY, PI_NAME, HID)
VALUES(4, 800, 'BaylorScott-White - Fort Worth', 804);
INSERT INTO Fall22_S004_13_PHARMACY_INVENTORY(PrID, QUANTITY, PI_NAME, HID)
VALUES(5, 700, 'BaylorScott-White - Dallas', 805);



INSERT INTO Fall22_S004_13_MEDICINES (SSID, MID, M_NAME, QUANTITY, CHARGE, PRID)
VALUES (2,134001,'Tylenol with Codeine',1594,26.55,1);
INSERT INTO Fall22_S004_13_MEDICINES (SSID, MID, M_NAME, QUANTITY, CHARGE, PRID)
VALUES (2,134002,'Proair Proventil',1115,271.48,1);
INSERT INTO Fall22_S004_13_MEDICINES (SSID, MID, M_NAME, QUANTITY, CHARGE, PRID)
VALUES (2,134003,'Accuneb',4059,39.02,1);
INSERT INTO Fall22_S004_13_MEDICINES (SSID, MID, M_NAME, QUANTITY, CHARGE, PRID)
VALUES (2,134004,'Fosamax',1237,160.64,1);
INSERT INTO Fall22_S004_13_MEDICINES (SSID, MID, M_NAME, QUANTITY, CHARGE, PRID)
VALUES (2,134005,'Zyloprim',4239,74.2,1);
INSERT INTO Fall22_S004_13_MEDICINES (SSID, MID, M_NAME, QUANTITY, CHARGE, PRID)
VALUES (2,134006,'Xanax',4922,99.17,1);
INSERT INTO Fall22_S004_13_MEDICINES (SSID, MID, M_NAME, QUANTITY, CHARGE, PRID)
VALUES (2,134007,'Elavil',3536,24.77,1);
INSERT INTO Fall22_S004_13_MEDICINES (SSID, MID, M_NAME, QUANTITY, CHARGE, PRID)
VALUES (2,134008,'Amoxil: Trimox',2142,260.81,1);
INSERT INTO Fall22_S004_13_MEDICINES (SSID, MID, M_NAME, QUANTITY, CHARGE, PRID)
VALUES (2,134009,'Augmentin',0,67.18,1);
INSERT INTO Fall22_S004_13_MEDICINES (SSID, MID, M_NAME, QUANTITY, CHARGE, PRID)
VALUES (2,134010,'Adderall XR',1952,75.26,1);
INSERT INTO Fall22_S004_13_MEDICINES (SSID, MID, M_NAME, QUANTITY, CHARGE, PRID)
VALUES (2,134011,'Tenormin',1445,134,1);
INSERT INTO Fall22_S004_13_MEDICINES (SSID, MID, M_NAME, QUANTITY, CHARGE, PRID)
VALUES (2,134012,'Lipitor',2317,185.95,1);
INSERT INTO Fall22_S004_13_MEDICINES (SSID, MID, M_NAME, QUANTITY, CHARGE, PRID)
VALUES (2,134013,'Zithromax',332,110.58,1);
INSERT INTO Fall22_S004_13_MEDICINES (SSID, MID, M_NAME, QUANTITY, CHARGE, PRID)
VALUES (2,134014,'Lotrel',0,108,1);
INSERT INTO Fall22_S004_13_MEDICINES (SSID, MID, M_NAME, QUANTITY, CHARGE, PRID)
VALUES (2,134015,'Soma',3442,32.19,1);
INSERT INTO Fall22_S004_13_MEDICINES (SSID, MID, M_NAME, QUANTITY, CHARGE, PRID)
VALUES (2,134016,'Coreg',993,222.54,1);
INSERT INTO Fall22_S004_13_MEDICINES (SSID, MID, M_NAME, QUANTITY, CHARGE, PRID)
VALUES (2,134017,'Omnicef',3389,297.3,1);
INSERT INTO Fall22_S004_13_MEDICINES (SSID, MID, M_NAME, QUANTITY, CHARGE, PRID)
VALUES (2,134018,'Celebrex',2271,37.54,1);
INSERT INTO Fall22_S004_13_MEDICINES (SSID, MID, M_NAME, QUANTITY, CHARGE, PRID)
VALUES (2,134019,'Keflex',2515,263.23,1);
INSERT INTO Fall22_S004_13_MEDICINES (SSID, MID, M_NAME, QUANTITY, CHARGE, PRID)
VALUES (2,134020,'Cipro',1017,179.39,1);
INSERT INTO Fall22_S004_13_MEDICINES (SSID, MID, M_NAME, QUANTITY, CHARGE, PRID)
VALUES (2,134021,'Celexa',2310,206.93,1);
INSERT INTO Fall22_S004_13_MEDICINES (SSID, MID, M_NAME, QUANTITY, CHARGE, PRID)
VALUES (2,134022,'Klonopin',2395,88.23,1);
INSERT INTO Fall22_S004_13_MEDICINES (SSID, MID, M_NAME, QUANTITY, CHARGE, PRID)
VALUES (2,134023,'Catapres',1326,247.82,1);
INSERT INTO Fall22_S004_13_MEDICINES (SSID, MID, M_NAME, QUANTITY, CHARGE, PRID)
VALUES (2,134024,'Plavix',1991,50.52,1);
INSERT INTO Fall22_S004_13_MEDICINES (SSID, MID, M_NAME, QUANTITY, CHARGE, PRID)
VALUES (2,134025,'Flexeril',2501,223.42,1);
INSERT INTO Fall22_S004_13_MEDICINES (SSID, MID, M_NAME, QUANTITY, CHARGE, PRID)
VALUES (2,134026,'Valium',3936,49.26,1);
INSERT INTO Fall22_S004_13_MEDICINES (SSID, MID, M_NAME, QUANTITY, CHARGE, PRID)
VALUES (2,134027,'Voltaren',4170,66.27,1);
INSERT INTO Fall22_S004_13_MEDICINES (SSID, MID, M_NAME, QUANTITY, CHARGE, PRID)
VALUES (2,134028,'Vibramycin',1305,186.15,1);
INSERT INTO Fall22_S004_13_MEDICINES (SSID, MID, M_NAME, QUANTITY, CHARGE, PRID)
VALUES (2,134029,'Cymbalta',3564,37.58,1);
INSERT INTO Fall22_S004_13_MEDICINES (SSID, MID, M_NAME, QUANTITY, CHARGE, PRID)
VALUES (2,134030,'Vasotec',1394,292.52,1);
INSERT INTO Fall22_S004_13_MEDICINES (SSID, MID, M_NAME, QUANTITY, CHARGE, PRID)
VALUES (2,134031,'Lexapro',4370,23.84,1);
INSERT INTO Fall22_S004_13_MEDICINES (SSID, MID, M_NAME, QUANTITY, CHARGE, PRID)
VALUES (2,134032,'Nexium',1775,276.31,1);
INSERT INTO Fall22_S004_13_MEDICINES (SSID, MID, M_NAME, QUANTITY, CHARGE, PRID)
VALUES (2,134033,'Zetia',3100,197.8,1);
INSERT INTO Fall22_S004_13_MEDICINES (SSID, MID, M_NAME, QUANTITY, CHARGE, PRID)
VALUES (2,134034,'Tricor',789,83.53,1);
INSERT INTO Fall22_S004_13_MEDICINES (SSID, MID, M_NAME, QUANTITY, CHARGE, PRID)
VALUES (2,134035,'Allegra',3820,238.65,1);
INSERT INTO Fall22_S004_13_MEDICINES (SSID, MID, M_NAME, QUANTITY, CHARGE, PRID)
VALUES (2,134036,'Diflucan',1218,43.5,1);
INSERT INTO Fall22_S004_13_MEDICINES (SSID, MID, M_NAME, QUANTITY, CHARGE, PRID)
VALUES (2,134037,'Prozac',2552,185.82,1);
INSERT INTO Fall22_S004_13_MEDICINES (SSID, MID, M_NAME, QUANTITY, CHARGE, PRID)
VALUES (2,134038,'Advair',2606,219.47,1);
INSERT INTO Fall22_S004_13_MEDICINES (SSID, MID, M_NAME, QUANTITY, CHARGE, PRID)
VALUES (2,134039,'Flonase',3606,273.94,1);
INSERT INTO Fall22_S004_13_MEDICINES (SSID, MID, M_NAME, QUANTITY, CHARGE, PRID)
VALUES (2,134040,'Folic Acid',513,208.33,1);
INSERT INTO Fall22_S004_13_MEDICINES (SSID, MID, M_NAME, QUANTITY, CHARGE, PRID)
VALUES (2,134041,'Lasix',1019,225.88,1);
INSERT INTO Fall22_S004_13_MEDICINES (SSID, MID, M_NAME, QUANTITY, CHARGE, PRID)
VALUES (2,134042,'Neurontin',2565,234.36,1);
INSERT INTO Fall22_S004_13_MEDICINES (SSID, MID, M_NAME, QUANTITY, CHARGE, PRID)
VALUES (2,134043,'Amaryl',2181,61.63,1);
INSERT INTO Fall22_S004_13_MEDICINES (SSID, MID, M_NAME, QUANTITY, CHARGE, PRID)
VALUES (2,134044,'Glucotrol',3146,103.25,1);
INSERT INTO Fall22_S004_13_MEDICINES (SSID, MID, M_NAME, QUANTITY, CHARGE, PRID)
VALUES (2,134045,'Diabeta',4744,94.04,1);
INSERT INTO Fall22_S004_13_MEDICINES (SSID, MID, M_NAME, QUANTITY, CHARGE, PRID)
VALUES (2,134046,'Microzide',1220,298.02,1);
INSERT INTO Fall22_S004_13_MEDICINES (SSID, MID, M_NAME, QUANTITY, CHARGE, PRID)
VALUES (2,134047,'Vicodin',747,88.45,1);
INSERT INTO Fall22_S004_13_MEDICINES (SSID, MID, M_NAME, QUANTITY, CHARGE, PRID)
VALUES (2,134048,'Motrin',3830,270.56,1);
INSERT INTO Fall22_S004_13_MEDICINES (SSID, MID, M_NAME, QUANTITY, CHARGE, PRID)
VALUES (2,134049,'Imdur',0,282.61,1);
INSERT INTO Fall22_S004_13_MEDICINES (SSID, MID, M_NAME, QUANTITY, CHARGE, PRID)
VALUES (2,134050,'Prevacid',1739,124.54,1);
INSERT INTO Fall22_S004_13_MEDICINES (SSID, MID, M_NAME, QUANTITY, CHARGE, PRID)
VALUES (2,134051,'Lantus',1062,171.09,1);
INSERT INTO Fall22_S004_13_MEDICINES (SSID, MID, M_NAME, QUANTITY, CHARGE, PRID)
VALUES (2,134052,'Levaquin',4860,79.06,1);
INSERT INTO Fall22_S004_13_MEDICINES (SSID, MID, M_NAME, QUANTITY, CHARGE, PRID)
VALUES (2,134053,'Synthroid',4827,25.33,1);
INSERT INTO Fall22_S004_13_MEDICINES (SSID, MID, M_NAME, QUANTITY, CHARGE, PRID)
VALUES (2,134054,'Zestril',0,205.21,1);
INSERT INTO Fall22_S004_13_MEDICINES (SSID, MID, M_NAME, QUANTITY, CHARGE, PRID)
VALUES (2,134055,'Prinizide',2470,179.46,1);
INSERT INTO Fall22_S004_13_MEDICINES (SSID, MID, M_NAME, QUANTITY, CHARGE, PRID)
VALUES (2,134056,'Ativan',1018,171.28,1);
INSERT INTO Fall22_S004_13_MEDICINES (SSID, MID, M_NAME, QUANTITY, CHARGE, PRID)
VALUES (2,134057,'Cozaar',1035,119.76,1);
INSERT INTO Fall22_S004_13_MEDICINES (SSID, MID, M_NAME, QUANTITY, CHARGE, PRID)
VALUES (2,134058,'Mevacor',306,294.04,1);
INSERT INTO Fall22_S004_13_MEDICINES (SSID, MID, M_NAME, QUANTITY, CHARGE, PRID)
VALUES (2,134059,'Mobic',1776,41.72,1);
INSERT INTO Fall22_S004_13_MEDICINES (SSID, MID, M_NAME, QUANTITY, CHARGE, PRID)
VALUES (2,134060,'Glucophage',3757,24.77,1);
INSERT INTO Fall22_S004_13_MEDICINES (SSID, MID, M_NAME, QUANTITY, CHARGE, PRID)
VALUES (2,134061,'Medrol',4807,240.41,1);
INSERT INTO Fall22_S004_13_MEDICINES (SSID, MID, M_NAME, QUANTITY, CHARGE, PRID)
VALUES (2,134062,'Toprol',3777,135.61,1);
INSERT INTO Fall22_S004_13_MEDICINES (SSID, MID, M_NAME, QUANTITY, CHARGE, PRID)
VALUES (2,134063,'Lopressor',1647,287.74,1);
INSERT INTO Fall22_S004_13_MEDICINES (SSID, MID, M_NAME, QUANTITY, CHARGE, PRID)
VALUES (2,134064,'Nasonex',815,153.56,1);
INSERT INTO Fall22_S004_13_MEDICINES (SSID, MID, M_NAME, QUANTITY, CHARGE, PRID)
VALUES (2,134065,'Singulair',1016,115.21,1);
INSERT INTO Fall22_S004_13_MEDICINES (SSID, MID, M_NAME, QUANTITY, CHARGE, PRID)
VALUES (2,134066,'Naprosyn',2734,270.65,1);
INSERT INTO Fall22_S004_13_MEDICINES (SSID, MID, M_NAME, QUANTITY, CHARGE, PRID)
VALUES (2,134067,'Prilosec',3823,89.66,1);
INSERT INTO Fall22_S004_13_MEDICINES (SSID, MID, M_NAME, QUANTITY, CHARGE, PRID)
VALUES (2,134068,'Roxicet',460,65.71,1);
INSERT INTO Fall22_S004_13_MEDICINES (SSID, MID, M_NAME, QUANTITY, CHARGE, PRID)
VALUES (2,134069,'Protonix',749,207.84,1);
INSERT INTO Fall22_S004_13_MEDICINES (SSID, MID, M_NAME, QUANTITY, CHARGE, PRID)
VALUES (2,134070,'Paxil',3312,115.09,1);
INSERT INTO Fall22_S004_13_MEDICINES (SSID, MID, M_NAME, QUANTITY, CHARGE, PRID)
VALUES (2,134071,'Actos',2690,30.27,1);
INSERT INTO Fall22_S004_13_MEDICINES (SSID, MID, M_NAME, QUANTITY, CHARGE, PRID)
VALUES (2,134072,'Klor-Con',4804,116.78,1);
INSERT INTO Fall22_S004_13_MEDICINES (SSID, MID, M_NAME, QUANTITY, CHARGE, PRID)
VALUES (2,134073,'Pravachol',1657,113.25,1);
INSERT INTO Fall22_S004_13_MEDICINES (SSID, MID, M_NAME, QUANTITY, CHARGE, PRID)
VALUES (2,134074,'Deltasone',2606,275.25,1);
INSERT INTO Fall22_S004_13_MEDICINES (SSID, MID, M_NAME, QUANTITY, CHARGE, PRID)
VALUES (2,134075,'Lyrica',862,217.63,1);
INSERT INTO Fall22_S004_13_MEDICINES (SSID, MID, M_NAME, QUANTITY, CHARGE, PRID)
VALUES (2,134076,'Premarin',339,89.89,1);
INSERT INTO Fall22_S004_13_MEDICINES (SSID, MID, M_NAME, QUANTITY, CHARGE, PRID)
VALUES (2,134077,'Phenergan',4092,285.95,1);
INSERT INTO Fall22_S004_13_MEDICINES (SSID, MID, M_NAME, QUANTITY, CHARGE, PRID)
VALUES (2,134078,'Seroquel',1694,293.7,1);
INSERT INTO Fall22_S004_13_MEDICINES (SSID, MID, M_NAME, QUANTITY, CHARGE, PRID)
VALUES (2,134079,'Zantac',3852,89.21,1);
INSERT INTO Fall22_S004_13_MEDICINES (SSID, MID, M_NAME, QUANTITY, CHARGE, PRID)
VALUES (2,134080,'Crestor',1610,253.34,1);
INSERT INTO Fall22_S004_13_MEDICINES (SSID, MID, M_NAME, QUANTITY, CHARGE, PRID)
VALUES (2,134081,'Zoloft',4417,224.26,1);
INSERT INTO Fall22_S004_13_MEDICINES (SSID, MID, M_NAME, QUANTITY, CHARGE, PRID)
VALUES (2,134082,'Zocor',2808,139.79,1);
INSERT INTO Fall22_S004_13_MEDICINES (SSID, MID, M_NAME, QUANTITY, CHARGE, PRID)
VALUES (2,134083,'Vytorin',0,79.7,1);
INSERT INTO Fall22_S004_13_MEDICINES (SSID, MID, M_NAME, QUANTITY, CHARGE, PRID)
VALUES (2,134084,'Aldactone',4568,164.68,1);
INSERT INTO Fall22_S004_13_MEDICINES (SSID, MID, M_NAME, QUANTITY, CHARGE, PRID)
VALUES (2,134085,'Septra DS',4763,185.22,1);
INSERT INTO Fall22_S004_13_MEDICINES (SSID, MID, M_NAME, QUANTITY, CHARGE, PRID)
VALUES (2,134086,'Synthroid',4939,91.98,1);
INSERT INTO Fall22_S004_13_MEDICINES (SSID, MID, M_NAME, QUANTITY, CHARGE, PRID)
VALUES (2,134087,'Flomax',4393,138.29,1);
INSERT INTO Fall22_S004_13_MEDICINES (SSID, MID, M_NAME, QUANTITY, CHARGE, PRID)
VALUES (2,134088,'Restoril',3065,16.35,1);
INSERT INTO Fall22_S004_13_MEDICINES (SSID, MID, M_NAME, QUANTITY, CHARGE, PRID)
VALUES (2,134089,'Topamax',598,155.66,1);
INSERT INTO Fall22_S004_13_MEDICINES (SSID, MID, M_NAME, QUANTITY, CHARGE, PRID)
VALUES (2,134090,'Ultram',3907,156.17,1);
INSERT INTO Fall22_S004_13_MEDICINES (SSID, MID, M_NAME, QUANTITY, CHARGE, PRID)
VALUES (2,134091,'Desyrel',2302,131.87,1);
INSERT INTO Fall22_S004_13_MEDICINES (SSID, MID, M_NAME, QUANTITY, CHARGE, PRID)
VALUES (2,134092,'Kenalog',3241,225.22,1);
INSERT INTO Fall22_S004_13_MEDICINES (SSID, MID, M_NAME, QUANTITY, CHARGE, PRID)
VALUES (2,134093,'Dyazide',310,112.8,1);
INSERT INTO Fall22_S004_13_MEDICINES (SSID, MID, M_NAME, QUANTITY, CHARGE, PRID)
VALUES (2,134094,'Valtrex',916,141.49,1);
INSERT INTO Fall22_S004_13_MEDICINES (SSID, MID, M_NAME, QUANTITY, CHARGE, PRID)
VALUES (2,134095,'Diovan',345,130.94,1);
INSERT INTO Fall22_S004_13_MEDICINES (SSID, MID, M_NAME, QUANTITY, CHARGE, PRID)
VALUES (2,134096,'Effexor XR',931,272.4,1);
INSERT INTO Fall22_S004_13_MEDICINES (SSID, MID, M_NAME, QUANTITY, CHARGE, PRID)
VALUES (2,134097,'Calan SR',2100,220.68,1);
INSERT INTO Fall22_S004_13_MEDICINES (SSID, MID, M_NAME, QUANTITY, CHARGE, PRID)
VALUES (2,134098,'Viagra',0,52.92,1);
INSERT INTO Fall22_S004_13_MEDICINES (SSID, MID, M_NAME, QUANTITY, CHARGE, PRID)
VALUES (2,134099,'Yaz',4344,178,1);
INSERT INTO Fall22_S004_13_MEDICINES (SSID, MID, M_NAME, QUANTITY, CHARGE, PRID)
VALUES (2,134100,'Ambien',3321,75.88,1);
INSERT INTO Fall22_S004_13_MEDICINES (SSID, MID, M_NAME, QUANTITY, CHARGE, PRID)
VALUES (2,134101,'Tylenol with Codeine',1753,26.55,2);
INSERT INTO Fall22_S004_13_MEDICINES (SSID, MID, M_NAME, QUANTITY, CHARGE, PRID)
VALUES (2,134102,'Proair Proventil',780,271.48,2);
INSERT INTO Fall22_S004_13_MEDICINES (SSID, MID, M_NAME, QUANTITY, CHARGE, PRID)
VALUES (2,134103,'Accuneb',327,39.02,2);
INSERT INTO Fall22_S004_13_MEDICINES (SSID, MID, M_NAME, QUANTITY, CHARGE, PRID)
VALUES (2,134104,'Fosamax',869,160.64,2);
INSERT INTO Fall22_S004_13_MEDICINES (SSID, MID, M_NAME, QUANTITY, CHARGE, PRID)
VALUES (2,134105,'Zyloprim',1587,74.2,2);
INSERT INTO Fall22_S004_13_MEDICINES (SSID, MID, M_NAME, QUANTITY, CHARGE, PRID)
VALUES (2,134106,'Xanax',4374,99.17,2);
INSERT INTO Fall22_S004_13_MEDICINES (SSID, MID, M_NAME, QUANTITY, CHARGE, PRID)
VALUES (2,134107,'Elavil',2425,24.77,2);
INSERT INTO Fall22_S004_13_MEDICINES (SSID, MID, M_NAME, QUANTITY, CHARGE, PRID)
VALUES (2,134108,'Amoxil: Trimox',3803,260.81,2);
INSERT INTO Fall22_S004_13_MEDICINES (SSID, MID, M_NAME, QUANTITY, CHARGE, PRID)
VALUES (2,134109,'Augmentin',0,67.18,2);
INSERT INTO Fall22_S004_13_MEDICINES (SSID, MID, M_NAME, QUANTITY, CHARGE, PRID)
VALUES (2,134110,'Adderall XR',2336,75.26,2);
INSERT INTO Fall22_S004_13_MEDICINES (SSID, MID, M_NAME, QUANTITY, CHARGE, PRID)
VALUES (2,134111,'Tenormin',1941,134,2);
INSERT INTO Fall22_S004_13_MEDICINES (SSID, MID, M_NAME, QUANTITY, CHARGE, PRID)
VALUES (2,134112,'Lipitor',1136,185.95,2);
INSERT INTO Fall22_S004_13_MEDICINES (SSID, MID, M_NAME, QUANTITY, CHARGE, PRID)
VALUES (2,134113,'Zithromax',1992,110.58,2);
INSERT INTO Fall22_S004_13_MEDICINES (SSID, MID, M_NAME, QUANTITY, CHARGE, PRID)
VALUES (2,134114,'Lotrel',0,108,2);
INSERT INTO Fall22_S004_13_MEDICINES (SSID, MID, M_NAME, QUANTITY, CHARGE, PRID)
VALUES (2,134115,'Soma',3797,32.19,2);
INSERT INTO Fall22_S004_13_MEDICINES (SSID, MID, M_NAME, QUANTITY, CHARGE, PRID)
VALUES (2,134116,'Coreg',77,222.54,2);
INSERT INTO Fall22_S004_13_MEDICINES (SSID, MID, M_NAME, QUANTITY, CHARGE, PRID)
VALUES (2,134117,'Omnicef',911,297.3,2);
INSERT INTO Fall22_S004_13_MEDICINES (SSID, MID, M_NAME, QUANTITY, CHARGE, PRID)
VALUES (2,134118,'Celebrex',3337,37.54,2);
INSERT INTO Fall22_S004_13_MEDICINES (SSID, MID, M_NAME, QUANTITY, CHARGE, PRID)
VALUES (2,134119,'Keflex',2771,263.23,2);
INSERT INTO Fall22_S004_13_MEDICINES (SSID, MID, M_NAME, QUANTITY, CHARGE, PRID)
VALUES (2,134120,'Cipro',4431,179.39,2);
INSERT INTO Fall22_S004_13_MEDICINES (SSID, MID, M_NAME, QUANTITY, CHARGE, PRID)
VALUES (2,134121,'Celexa',3607,206.93,2);
INSERT INTO Fall22_S004_13_MEDICINES (SSID, MID, M_NAME, QUANTITY, CHARGE, PRID)
VALUES (2,134122,'Klonopin',1042,88.23,2);
INSERT INTO Fall22_S004_13_MEDICINES (SSID, MID, M_NAME, QUANTITY, CHARGE, PRID)
VALUES (2,134123,'Catapres',1423,247.82,2);
INSERT INTO Fall22_S004_13_MEDICINES (SSID, MID, M_NAME, QUANTITY, CHARGE, PRID)
VALUES (2,134124,'Plavix',4901,50.52,2);
INSERT INTO Fall22_S004_13_MEDICINES (SSID, MID, M_NAME, QUANTITY, CHARGE, PRID)
VALUES (2,134125,'Flexeril',2152,223.42,2);
INSERT INTO Fall22_S004_13_MEDICINES (SSID, MID, M_NAME, QUANTITY, CHARGE, PRID)
VALUES (2,134126,'Valium',139,49.26,2);
INSERT INTO Fall22_S004_13_MEDICINES (SSID, MID, M_NAME, QUANTITY, CHARGE, PRID)
VALUES (2,134127,'Voltaren',2815,66.27,2);
INSERT INTO Fall22_S004_13_MEDICINES (SSID, MID, M_NAME, QUANTITY, CHARGE, PRID)
VALUES (2,134128,'Vibramycin',713,186.15,2);
INSERT INTO Fall22_S004_13_MEDICINES (SSID, MID, M_NAME, QUANTITY, CHARGE, PRID)
VALUES (2,134129,'Cymbalta',4641,37.58,2);
INSERT INTO Fall22_S004_13_MEDICINES (SSID, MID, M_NAME, QUANTITY, CHARGE, PRID)
VALUES (2,134130,'Vasotec',4390,292.52,2);
INSERT INTO Fall22_S004_13_MEDICINES (SSID, MID, M_NAME, QUANTITY, CHARGE, PRID)
VALUES (2,134131,'Lexapro',862,23.84,2);
INSERT INTO Fall22_S004_13_MEDICINES (SSID, MID, M_NAME, QUANTITY, CHARGE, PRID)
VALUES (2,134132,'Nexium',2374,276.31,2);
INSERT INTO Fall22_S004_13_MEDICINES (SSID, MID, M_NAME, QUANTITY, CHARGE, PRID)
VALUES (2,134133,'Zetia',2722,197.8,2);
INSERT INTO Fall22_S004_13_MEDICINES (SSID, MID, M_NAME, QUANTITY, CHARGE, PRID)
VALUES (2,134134,'Tricor',67,83.53,2);
INSERT INTO Fall22_S004_13_MEDICINES (SSID, MID, M_NAME, QUANTITY, CHARGE, PRID)
VALUES (2,134135,'Allegra',1000,238.65,2);
INSERT INTO Fall22_S004_13_MEDICINES (SSID, MID, M_NAME, QUANTITY, CHARGE, PRID)
VALUES (2,134136,'Diflucan',419,43.5,2);
INSERT INTO Fall22_S004_13_MEDICINES (SSID, MID, M_NAME, QUANTITY, CHARGE, PRID)
VALUES (2,134137,'Prozac',2055,185.82,2);
INSERT INTO Fall22_S004_13_MEDICINES (SSID, MID, M_NAME, QUANTITY, CHARGE, PRID)
VALUES (2,134138,'Advair',279,219.47,2);
INSERT INTO Fall22_S004_13_MEDICINES (SSID, MID, M_NAME, QUANTITY, CHARGE, PRID)
VALUES (2,134139,'Flonase',3065,273.94,2);
INSERT INTO Fall22_S004_13_MEDICINES (SSID, MID, M_NAME, QUANTITY, CHARGE, PRID)
VALUES (2,134140,'Folic Acid',489,208.33,2);
INSERT INTO Fall22_S004_13_MEDICINES (SSID, MID, M_NAME, QUANTITY, CHARGE, PRID)
VALUES (2,134141,'Lantus',2970,171.09,3);
INSERT INTO Fall22_S004_13_MEDICINES (SSID, MID, M_NAME, QUANTITY, CHARGE, PRID)
VALUES (2,134142,'Levaquin',3217,79.06,3);
INSERT INTO Fall22_S004_13_MEDICINES (SSID, MID, M_NAME, QUANTITY, CHARGE, PRID)
VALUES (2,134143,'Synthroid',2604,25.33,3);
INSERT INTO Fall22_S004_13_MEDICINES (SSID, MID, M_NAME, QUANTITY, CHARGE, PRID)
VALUES (2,134144,'Zestril',0,205.21,3);
INSERT INTO Fall22_S004_13_MEDICINES (SSID, MID, M_NAME, QUANTITY, CHARGE, PRID)
VALUES (2,134145,'Prinizide',876,179.46,3);
INSERT INTO Fall22_S004_13_MEDICINES (SSID, MID, M_NAME, QUANTITY, CHARGE, PRID)
VALUES (2,134146,'Ativan',1148,171.28,3);
INSERT INTO Fall22_S004_13_MEDICINES (SSID, MID, M_NAME, QUANTITY, CHARGE, PRID)
VALUES (2,134147,'Cozaar',2681,119.76,3);
INSERT INTO Fall22_S004_13_MEDICINES (SSID, MID, M_NAME, QUANTITY, CHARGE, PRID)
VALUES (2,134148,'Mevacor',3133,294.04,3);
INSERT INTO Fall22_S004_13_MEDICINES (SSID, MID, M_NAME, QUANTITY, CHARGE, PRID)
VALUES (2,134149,'Mobic',80,41.72,3);
INSERT INTO Fall22_S004_13_MEDICINES (SSID, MID, M_NAME, QUANTITY, CHARGE, PRID)
VALUES (2,134150,'Glucophage',4716,24.77,3);
INSERT INTO Fall22_S004_13_MEDICINES (SSID, MID, M_NAME, QUANTITY, CHARGE, PRID)
VALUES (2,134151,'Medrol',933,240.41,3);
INSERT INTO Fall22_S004_13_MEDICINES (SSID, MID, M_NAME, QUANTITY, CHARGE, PRID)
VALUES (2,134152,'Toprol',2388,135.61,3);
INSERT INTO Fall22_S004_13_MEDICINES (SSID, MID, M_NAME, QUANTITY, CHARGE, PRID)
VALUES (2,134153,'Lopressor',3208,287.74,3);
INSERT INTO Fall22_S004_13_MEDICINES (SSID, MID, M_NAME, QUANTITY, CHARGE, PRID)
VALUES (2,134154,'Nasonex',2962,153.56,3);
INSERT INTO Fall22_S004_13_MEDICINES (SSID, MID, M_NAME, QUANTITY, CHARGE, PRID)
VALUES (2,134155,'Singulair',1367,115.21,3);
INSERT INTO Fall22_S004_13_MEDICINES (SSID, MID, M_NAME, QUANTITY, CHARGE, PRID)
VALUES (2,134156,'Naprosyn',2335,270.65,3);
INSERT INTO Fall22_S004_13_MEDICINES (SSID, MID, M_NAME, QUANTITY, CHARGE, PRID)
VALUES (2,134157,'Prilosec',4781,89.66,3);
INSERT INTO Fall22_S004_13_MEDICINES (SSID, MID, M_NAME, QUANTITY, CHARGE, PRID)
VALUES (2,134158,'Roxicet',2692,65.71,3);
INSERT INTO Fall22_S004_13_MEDICINES (SSID, MID, M_NAME, QUANTITY, CHARGE, PRID)
VALUES (2,134159,'Protonix',3527,207.84,3);
INSERT INTO Fall22_S004_13_MEDICINES (SSID, MID, M_NAME, QUANTITY, CHARGE, PRID)
VALUES (2,134160,'Paxil',319,115.09,3);
INSERT INTO Fall22_S004_13_MEDICINES (SSID, MID, M_NAME, QUANTITY, CHARGE, PRID)
VALUES (2,134161,'Actos',4016,30.27,3);
INSERT INTO Fall22_S004_13_MEDICINES (SSID, MID, M_NAME, QUANTITY, CHARGE, PRID)
VALUES (2,134162,'Klor-Con',4511,116.78,3);
INSERT INTO Fall22_S004_13_MEDICINES (SSID, MID, M_NAME, QUANTITY, CHARGE, PRID)
VALUES (2,134163,'Pravachol',2237,113.25,3);
INSERT INTO Fall22_S004_13_MEDICINES (SSID, MID, M_NAME, QUANTITY, CHARGE, PRID)
VALUES (2,134164,'Deltasone',3543,275.25,3);
INSERT INTO Fall22_S004_13_MEDICINES (SSID, MID, M_NAME, QUANTITY, CHARGE, PRID)
VALUES (2,134165,'Lyrica',2170,217.63,3);
INSERT INTO Fall22_S004_13_MEDICINES (SSID, MID, M_NAME, QUANTITY, CHARGE, PRID)
VALUES (2,134166,'Premarin',4444,89.89,3);
INSERT INTO Fall22_S004_13_MEDICINES (SSID, MID, M_NAME, QUANTITY, CHARGE, PRID)
VALUES (2,134167,'Phenergan',2479,285.95,3);
INSERT INTO Fall22_S004_13_MEDICINES (SSID, MID, M_NAME, QUANTITY, CHARGE, PRID)
VALUES (2,134168,'Seroquel',2382,293.7,3);
INSERT INTO Fall22_S004_13_MEDICINES (SSID, MID, M_NAME, QUANTITY, CHARGE, PRID)
VALUES (2,134169,'Zantac',1881,89.21,3);
INSERT INTO Fall22_S004_13_MEDICINES (SSID, MID, M_NAME, QUANTITY, CHARGE, PRID)
VALUES (2,134170,'Crestor',99,253.34,3);
INSERT INTO Fall22_S004_13_MEDICINES (SSID, MID, M_NAME, QUANTITY, CHARGE, PRID)
VALUES (2,134171,'Zoloft',4440,224.26,3);
INSERT INTO Fall22_S004_13_MEDICINES (SSID, MID, M_NAME, QUANTITY, CHARGE, PRID)
VALUES (2,134172,'Zocor',443,139.79,3);
INSERT INTO Fall22_S004_13_MEDICINES (SSID, MID, M_NAME, QUANTITY, CHARGE, PRID)
VALUES (2,134173,'Vytorin',0,79.7,3);
INSERT INTO Fall22_S004_13_MEDICINES (SSID, MID, M_NAME, QUANTITY, CHARGE, PRID)
VALUES (2,134174,'Aldactone',4476,164.68,3);
INSERT INTO Fall22_S004_13_MEDICINES (SSID, MID, M_NAME, QUANTITY, CHARGE, PRID)
VALUES (2,134175,'Septra DS',2261,185.22,3);
INSERT INTO Fall22_S004_13_MEDICINES (SSID, MID, M_NAME, QUANTITY, CHARGE, PRID)
VALUES (2,134176,'Synthroid',2085,91.98,3);
INSERT INTO Fall22_S004_13_MEDICINES (SSID, MID, M_NAME, QUANTITY, CHARGE, PRID)
VALUES (2,134177,'Flomax',1908,138.29,3);
INSERT INTO Fall22_S004_13_MEDICINES (SSID, MID, M_NAME, QUANTITY, CHARGE, PRID)
VALUES (2,134178,'Restoril',3161,16.35,3);
INSERT INTO Fall22_S004_13_MEDICINES (SSID, MID, M_NAME, QUANTITY, CHARGE, PRID)
VALUES (2,134179,'Topamax',743,155.66,3);
INSERT INTO Fall22_S004_13_MEDICINES (SSID, MID, M_NAME, QUANTITY, CHARGE, PRID)
VALUES (2,134180,'Ultram',1907,156.17,3);
INSERT INTO Fall22_S004_13_MEDICINES (SSID, MID, M_NAME, QUANTITY, CHARGE, PRID)
VALUES (2,134181,'Desyrel',1487,131.87,3);
INSERT INTO Fall22_S004_13_MEDICINES (SSID, MID, M_NAME, QUANTITY, CHARGE, PRID)
VALUES (2,134182,'Kenalog',4372,225.22,3);
INSERT INTO Fall22_S004_13_MEDICINES (SSID, MID, M_NAME, QUANTITY, CHARGE, PRID)
VALUES (2,134183,'Dyazide',1845,112.8,3);
INSERT INTO Fall22_S004_13_MEDICINES (SSID, MID, M_NAME, QUANTITY, CHARGE, PRID)
VALUES (2,134184,'Valtrex',2471,141.49,3);
INSERT INTO Fall22_S004_13_MEDICINES (SSID, MID, M_NAME, QUANTITY, CHARGE, PRID)
VALUES (2,134185,'Diovan',3896,130.94,3);
INSERT INTO Fall22_S004_13_MEDICINES (SSID, MID, M_NAME, QUANTITY, CHARGE, PRID)
VALUES (2,134186,'Effexor XR',943,272.4,3);
INSERT INTO Fall22_S004_13_MEDICINES (SSID, MID, M_NAME, QUANTITY, CHARGE, PRID)
VALUES (2,134187,'Calan SR',2664,220.68,3);
INSERT INTO Fall22_S004_13_MEDICINES (SSID, MID, M_NAME, QUANTITY, CHARGE, PRID)
VALUES (2,134188,'Viagra',0,52.92,3);
INSERT INTO Fall22_S004_13_MEDICINES (SSID, MID, M_NAME, QUANTITY, CHARGE, PRID)
VALUES (2,134189,'Yaz',4774,178,3);
INSERT INTO Fall22_S004_13_MEDICINES (SSID, MID, M_NAME, QUANTITY, CHARGE, PRID)
VALUES (2,134190,'Ambien',714,75.88,3);
INSERT INTO Fall22_S004_13_MEDICINES (SSID, MID, M_NAME, QUANTITY, CHARGE, PRID)
VALUES (2,134191,'Lexapro',3346,23.84,4);
INSERT INTO Fall22_S004_13_MEDICINES (SSID, MID, M_NAME, QUANTITY, CHARGE, PRID)
VALUES (2,134192,'Nexium',2634,276.31,4);
INSERT INTO Fall22_S004_13_MEDICINES (SSID, MID, M_NAME, QUANTITY, CHARGE, PRID)
VALUES (2,134193,'Zetia',4075,197.8,4);
INSERT INTO Fall22_S004_13_MEDICINES (SSID, MID, M_NAME, QUANTITY, CHARGE, PRID)
VALUES (2,134194,'Tricor',71,83.53,4);
INSERT INTO Fall22_S004_13_MEDICINES (SSID, MID, M_NAME, QUANTITY, CHARGE, PRID)
VALUES (2,134195,'Allegra',3052,238.65,4);
INSERT INTO Fall22_S004_13_MEDICINES (SSID, MID, M_NAME, QUANTITY, CHARGE, PRID)
VALUES (2,134196,'Diflucan',1493,43.5,4);
INSERT INTO Fall22_S004_13_MEDICINES (SSID, MID, M_NAME, QUANTITY, CHARGE, PRID)
VALUES (2,134197,'Prozac',3633,185.82,4);
INSERT INTO Fall22_S004_13_MEDICINES (SSID, MID, M_NAME, QUANTITY, CHARGE, PRID)
VALUES (2,134198,'Advair',4699,219.47,4);
INSERT INTO Fall22_S004_13_MEDICINES (SSID, MID, M_NAME, QUANTITY, CHARGE, PRID)
VALUES (2,134199,'Flonase',4711,273.94,4);
INSERT INTO Fall22_S004_13_MEDICINES (SSID, MID, M_NAME, QUANTITY, CHARGE, PRID)
VALUES (2,134200,'Folic Acid',826,208.33,4);
INSERT INTO Fall22_S004_13_MEDICINES (SSID, MID, M_NAME, QUANTITY, CHARGE, PRID)
VALUES (2,134201,'Lasix',3454,225.88,4);
INSERT INTO Fall22_S004_13_MEDICINES (SSID, MID, M_NAME, QUANTITY, CHARGE, PRID)
VALUES (2,134202,'Neurontin',399,234.36,4);
INSERT INTO Fall22_S004_13_MEDICINES (SSID, MID, M_NAME, QUANTITY, CHARGE, PRID)
VALUES (2,134203,'Amaryl',2698,61.63,4);
INSERT INTO Fall22_S004_13_MEDICINES (SSID, MID, M_NAME, QUANTITY, CHARGE, PRID)
VALUES (2,134204,'Glucotrol',4298,103.25,4);
INSERT INTO Fall22_S004_13_MEDICINES (SSID, MID, M_NAME, QUANTITY, CHARGE, PRID)
VALUES (2,134205,'Diabeta',1756,94.04,4);
INSERT INTO Fall22_S004_13_MEDICINES (SSID, MID, M_NAME, QUANTITY, CHARGE, PRID)
VALUES (2,134206,'Microzide',4264,298.02,4);
INSERT INTO Fall22_S004_13_MEDICINES (SSID, MID, M_NAME, QUANTITY, CHARGE, PRID)
VALUES (2,134207,'Vicodin',3548,88.45,4);
INSERT INTO Fall22_S004_13_MEDICINES (SSID, MID, M_NAME, QUANTITY, CHARGE, PRID)
VALUES (2,134208,'Motrin',1038,270.56,4);
INSERT INTO Fall22_S004_13_MEDICINES (SSID, MID, M_NAME, QUANTITY, CHARGE, PRID)
VALUES (2,134209,'Imdur',0,282.61,4);
INSERT INTO Fall22_S004_13_MEDICINES (SSID, MID, M_NAME, QUANTITY, CHARGE, PRID)
VALUES (2,134210,'Prevacid',2938,124.54,4);
INSERT INTO Fall22_S004_13_MEDICINES (SSID, MID, M_NAME, QUANTITY, CHARGE, PRID)
VALUES (2,134211,'Lantus',1030,171.09,4);
INSERT INTO Fall22_S004_13_MEDICINES (SSID, MID, M_NAME, QUANTITY, CHARGE, PRID)
VALUES (2,134212,'Levaquin',4269,79.06,4);
INSERT INTO Fall22_S004_13_MEDICINES (SSID, MID, M_NAME, QUANTITY, CHARGE, PRID)
VALUES (2,134213,'Synthroid',3720,25.33,4);
INSERT INTO Fall22_S004_13_MEDICINES (SSID, MID, M_NAME, QUANTITY, CHARGE, PRID)
VALUES (2,134214,'Zestril',0,205.21,4);
INSERT INTO Fall22_S004_13_MEDICINES (SSID, MID, M_NAME, QUANTITY, CHARGE, PRID)
VALUES (2,134215,'Prinizide',785,179.46,4);
INSERT INTO Fall22_S004_13_MEDICINES (SSID, MID, M_NAME, QUANTITY, CHARGE, PRID)
VALUES (2,134216,'Ativan',2597,171.28,4);
INSERT INTO Fall22_S004_13_MEDICINES (SSID, MID, M_NAME, QUANTITY, CHARGE, PRID)
VALUES (2,134217,'Cozaar',1392,119.76,4);
INSERT INTO Fall22_S004_13_MEDICINES (SSID, MID, M_NAME, QUANTITY, CHARGE, PRID)
VALUES (2,134218,'Mevacor',4669,294.04,4);
INSERT INTO Fall22_S004_13_MEDICINES (SSID, MID, M_NAME, QUANTITY, CHARGE, PRID)
VALUES (2,134219,'Mobic',1762,41.72,4);
INSERT INTO Fall22_S004_13_MEDICINES (SSID, MID, M_NAME, QUANTITY, CHARGE, PRID)
VALUES (2,134220,'Glucophage',803,24.77,4);
INSERT INTO Fall22_S004_13_MEDICINES (SSID, MID, M_NAME, QUANTITY, CHARGE, PRID)
VALUES (2,134221,'Medrol',2357,240.41,4);
INSERT INTO Fall22_S004_13_MEDICINES (SSID, MID, M_NAME, QUANTITY, CHARGE, PRID)
VALUES (2,134222,'Toprol',2953,135.61,4);
INSERT INTO Fall22_S004_13_MEDICINES (SSID, MID, M_NAME, QUANTITY, CHARGE, PRID)
VALUES (2,134223,'Lopressor',3110,287.74,4);
INSERT INTO Fall22_S004_13_MEDICINES (SSID, MID, M_NAME, QUANTITY, CHARGE, PRID)
VALUES (2,134224,'Nasonex',2710,153.56,4);
INSERT INTO Fall22_S004_13_MEDICINES (SSID, MID, M_NAME, QUANTITY, CHARGE, PRID)
VALUES (2,134225,'Singulair',2159,115.21,4);
INSERT INTO Fall22_S004_13_MEDICINES (SSID, MID, M_NAME, QUANTITY, CHARGE, PRID)
VALUES (2,134226,'Naprosyn',560,270.65,4);
INSERT INTO Fall22_S004_13_MEDICINES (SSID, MID, M_NAME, QUANTITY, CHARGE, PRID)
VALUES (2,134227,'Prilosec',3077,89.66,4);
INSERT INTO Fall22_S004_13_MEDICINES (SSID, MID, M_NAME, QUANTITY, CHARGE, PRID)
VALUES (2,134228,'Roxicet',2571,65.71,4);
INSERT INTO Fall22_S004_13_MEDICINES (SSID, MID, M_NAME, QUANTITY, CHARGE, PRID)
VALUES (2,134229,'Protonix',466,207.84,4);
INSERT INTO Fall22_S004_13_MEDICINES (SSID, MID, M_NAME, QUANTITY, CHARGE, PRID)
VALUES (2,134230,'Paxil',4862,115.09,4);
INSERT INTO Fall22_S004_13_MEDICINES (SSID, MID, M_NAME, QUANTITY, CHARGE, PRID)
VALUES (2,134231,'Actos',1825,30.27,4);
INSERT INTO Fall22_S004_13_MEDICINES (SSID, MID, M_NAME, QUANTITY, CHARGE, PRID)
VALUES (2,134232,'Klor-Con',4117,116.78,4);
INSERT INTO Fall22_S004_13_MEDICINES (SSID, MID, M_NAME, QUANTITY, CHARGE, PRID)
VALUES (2,134233,'Pravachol',2126,113.25,4);
INSERT INTO Fall22_S004_13_MEDICINES (SSID, MID, M_NAME, QUANTITY, CHARGE, PRID)
VALUES (2,134234,'Deltasone',4566,275.25,4);
INSERT INTO Fall22_S004_13_MEDICINES (SSID, MID, M_NAME, QUANTITY, CHARGE, PRID)
VALUES (2,134235,'Lyrica',1602,217.63,4);
INSERT INTO Fall22_S004_13_MEDICINES (SSID, MID, M_NAME, QUANTITY, CHARGE, PRID)
VALUES (2,134236,'Premarin',3648,89.89,4);
INSERT INTO Fall22_S004_13_MEDICINES (SSID, MID, M_NAME, QUANTITY, CHARGE, PRID)
VALUES (2,134237,'Phenergan',3564,285.95,4);
INSERT INTO Fall22_S004_13_MEDICINES (SSID, MID, M_NAME, QUANTITY, CHARGE, PRID)
VALUES (2,134238,'Seroquel',2179,293.7,4);
INSERT INTO Fall22_S004_13_MEDICINES (SSID, MID, M_NAME, QUANTITY, CHARGE, PRID)
VALUES (2,134239,'Zantac',967,89.21,4);
INSERT INTO Fall22_S004_13_MEDICINES (SSID, MID, M_NAME, QUANTITY, CHARGE, PRID)
VALUES (2,134240,'Crestor',2291,253.34,4);
INSERT INTO Fall22_S004_13_MEDICINES (SSID, MID, M_NAME, QUANTITY, CHARGE, PRID)
VALUES (2,134241,'Zoloft',3118,224.26,4);
INSERT INTO Fall22_S004_13_MEDICINES (SSID, MID, M_NAME, QUANTITY, CHARGE, PRID)
VALUES (2,134242,'Zocor',1233,139.79,4);
INSERT INTO Fall22_S004_13_MEDICINES (SSID, MID, M_NAME, QUANTITY, CHARGE, PRID)
VALUES (2,134243,'Vytorin',0,79.7,4);
INSERT INTO Fall22_S004_13_MEDICINES (SSID, MID, M_NAME, QUANTITY, CHARGE, PRID)
VALUES (2,134244,'Aldactone',4879,164.68,4);
INSERT INTO Fall22_S004_13_MEDICINES (SSID, MID, M_NAME, QUANTITY, CHARGE, PRID)
VALUES (2,134245,'Septra DS',22,185.22,4);
INSERT INTO Fall22_S004_13_MEDICINES (SSID, MID, M_NAME, QUANTITY, CHARGE, PRID)
VALUES (2,134246,'Synthroid',3902,91.98,4);
INSERT INTO Fall22_S004_13_MEDICINES (SSID, MID, M_NAME, QUANTITY, CHARGE, PRID)
VALUES (2,134247,'Flomax',3824,138.29,4);
INSERT INTO Fall22_S004_13_MEDICINES (SSID, MID, M_NAME, QUANTITY, CHARGE, PRID)
VALUES (2,134248,'Restoril',4146,16.35,4);
INSERT INTO Fall22_S004_13_MEDICINES (SSID, MID, M_NAME, QUANTITY, CHARGE, PRID)
VALUES (2,134249,'Topamax',859,155.66,4);
INSERT INTO Fall22_S004_13_MEDICINES (SSID, MID, M_NAME, QUANTITY, CHARGE, PRID)
VALUES (2,134250,'Ultram',2525,156.17,4);
INSERT INTO Fall22_S004_13_MEDICINES (SSID, MID, M_NAME, QUANTITY, CHARGE, PRID)
VALUES (2,134251,'Desyrel',38,131.87,4);
INSERT INTO Fall22_S004_13_MEDICINES (SSID, MID, M_NAME, QUANTITY, CHARGE, PRID)
VALUES (2,134252,'Kenalog',1984,225.22,4);
INSERT INTO Fall22_S004_13_MEDICINES (SSID, MID, M_NAME, QUANTITY, CHARGE, PRID)
VALUES (2,134253,'Dyazide',4033,112.8,4);
INSERT INTO Fall22_S004_13_MEDICINES (SSID, MID, M_NAME, QUANTITY, CHARGE, PRID)
VALUES (2,134254,'Valtrex',2343,141.49,4);
INSERT INTO Fall22_S004_13_MEDICINES (SSID, MID, M_NAME, QUANTITY, CHARGE, PRID)
VALUES (2,134255,'Diovan',180,130.94,4);
INSERT INTO Fall22_S004_13_MEDICINES (SSID, MID, M_NAME, QUANTITY, CHARGE, PRID)
VALUES (2,134256,'Effexor XR',819,272.4,4);
INSERT INTO Fall22_S004_13_MEDICINES (SSID, MID, M_NAME, QUANTITY, CHARGE, PRID)
VALUES (2,134257,'Calan SR',2050,220.68,4);
INSERT INTO Fall22_S004_13_MEDICINES (SSID, MID, M_NAME, QUANTITY, CHARGE, PRID)
VALUES (2,134258,'Viagra',0,52.92,4);
INSERT INTO Fall22_S004_13_MEDICINES (SSID, MID, M_NAME, QUANTITY, CHARGE, PRID)
VALUES (2,134259,'Yaz',1565,178,4);
INSERT INTO Fall22_S004_13_MEDICINES (SSID, MID, M_NAME, QUANTITY, CHARGE, PRID)
VALUES (2,134260,'Ambien',3795,75.88,4);
INSERT INTO Fall22_S004_13_MEDICINES (SSID, MID, M_NAME, QUANTITY, CHARGE, PRID)
VALUES (2,134261,'Tylenol with Codeine',4635,26.55,5);
INSERT INTO Fall22_S004_13_MEDICINES (SSID, MID, M_NAME, QUANTITY, CHARGE, PRID)
VALUES (2,134262,'Proair Proventil',3755,271.48,5);
INSERT INTO Fall22_S004_13_MEDICINES (SSID, MID, M_NAME, QUANTITY, CHARGE, PRID)
VALUES (2,134263,'Accuneb',4846,39.02,5);
INSERT INTO Fall22_S004_13_MEDICINES (SSID, MID, M_NAME, QUANTITY, CHARGE, PRID)
VALUES (2,134264,'Fosamax',2809,160.64,5);
INSERT INTO Fall22_S004_13_MEDICINES (SSID, MID, M_NAME, QUANTITY, CHARGE, PRID)
VALUES (2,134265,'Zyloprim',9,74.2,5);
INSERT INTO Fall22_S004_13_MEDICINES (SSID, MID, M_NAME, QUANTITY, CHARGE, PRID)
VALUES (2,134266,'Xanax',2873,99.17,5);
INSERT INTO Fall22_S004_13_MEDICINES (SSID, MID, M_NAME, QUANTITY, CHARGE, PRID)
VALUES (2,134267,'Elavil',1417,24.77,5);
INSERT INTO Fall22_S004_13_MEDICINES (SSID, MID, M_NAME, QUANTITY, CHARGE, PRID)
VALUES (2,134268,'Amoxil: Trimox',3448,260.81,5);
INSERT INTO Fall22_S004_13_MEDICINES (SSID, MID, M_NAME, QUANTITY, CHARGE, PRID)
VALUES (2,134269,'Augmentin',0,67.18,5);
INSERT INTO Fall22_S004_13_MEDICINES (SSID, MID, M_NAME, QUANTITY, CHARGE, PRID)
VALUES (2,134270,'Adderall XR',3436,75.26,5);
INSERT INTO Fall22_S004_13_MEDICINES (SSID, MID, M_NAME, QUANTITY, CHARGE, PRID)
VALUES (2,134271,'Tenormin',4240,134,5);
INSERT INTO Fall22_S004_13_MEDICINES (SSID, MID, M_NAME, QUANTITY, CHARGE, PRID)
VALUES (2,134272,'Lipitor',2979,185.95,5);
INSERT INTO Fall22_S004_13_MEDICINES (SSID, MID, M_NAME, QUANTITY, CHARGE, PRID)
VALUES (2,134273,'Zithromax',4822,110.58,5);
INSERT INTO Fall22_S004_13_MEDICINES (SSID, MID, M_NAME, QUANTITY, CHARGE, PRID)
VALUES (2,134274,'Lotrel',0,108,5);
INSERT INTO Fall22_S004_13_MEDICINES (SSID, MID, M_NAME, QUANTITY, CHARGE, PRID)
VALUES (2,134275,'Soma',3119,32.19,5);
INSERT INTO Fall22_S004_13_MEDICINES (SSID, MID, M_NAME, QUANTITY, CHARGE, PRID)
VALUES (2,134276,'Coreg',4054,222.54,5);
INSERT INTO Fall22_S004_13_MEDICINES (SSID, MID, M_NAME, QUANTITY, CHARGE, PRID)
VALUES (2,134277,'Omnicef',1080,297.3,5);
INSERT INTO Fall22_S004_13_MEDICINES (SSID, MID, M_NAME, QUANTITY, CHARGE, PRID)
VALUES (2,134278,'Celebrex',4770,37.54,5);
INSERT INTO Fall22_S004_13_MEDICINES (SSID, MID, M_NAME, QUANTITY, CHARGE, PRID)
VALUES (2,134279,'Keflex',4893,263.23,5);
INSERT INTO Fall22_S004_13_MEDICINES (SSID, MID, M_NAME, QUANTITY, CHARGE, PRID)
VALUES (2,134280,'Cipro',462,179.39,5);
INSERT INTO Fall22_S004_13_MEDICINES (SSID, MID, M_NAME, QUANTITY, CHARGE, PRID)
VALUES (2,134281,'Celexa',508,206.93,5);
INSERT INTO Fall22_S004_13_MEDICINES (SSID, MID, M_NAME, QUANTITY, CHARGE, PRID)
VALUES (2,134282,'Klonopin',1660,88.23,5);
INSERT INTO Fall22_S004_13_MEDICINES (SSID, MID, M_NAME, QUANTITY, CHARGE, PRID)
VALUES (2,134283,'Catapres',2138,247.82,5);
INSERT INTO Fall22_S004_13_MEDICINES (SSID, MID, M_NAME, QUANTITY, CHARGE, PRID)
VALUES (2,134284,'Plavix',864,50.52,5);
INSERT INTO Fall22_S004_13_MEDICINES (SSID, MID, M_NAME, QUANTITY, CHARGE, PRID)
VALUES (2,134285,'Flexeril',3862,223.42,5);
INSERT INTO Fall22_S004_13_MEDICINES (SSID, MID, M_NAME, QUANTITY, CHARGE, PRID)
VALUES (2,134286,'Valium',4013,49.26,5);
INSERT INTO Fall22_S004_13_MEDICINES (SSID, MID, M_NAME, QUANTITY, CHARGE, PRID)
VALUES (2,134287,'Voltaren',3204,66.27,5);
INSERT INTO Fall22_S004_13_MEDICINES (SSID, MID, M_NAME, QUANTITY, CHARGE, PRID)
VALUES (2,134288,'Vibramycin',2188,186.15,5);
INSERT INTO Fall22_S004_13_MEDICINES (SSID, MID, M_NAME, QUANTITY, CHARGE, PRID)
VALUES (2,134289,'Cymbalta',304,37.58,5);
INSERT INTO Fall22_S004_13_MEDICINES (SSID, MID, M_NAME, QUANTITY, CHARGE, PRID)
VALUES (2,134290,'Vasotec',3532,292.52,5);
INSERT INTO Fall22_S004_13_MEDICINES (SSID, MID, M_NAME, QUANTITY, CHARGE, PRID)
VALUES (2,134291,'Lexapro',119,23.84,5);
INSERT INTO Fall22_S004_13_MEDICINES (SSID, MID, M_NAME, QUANTITY, CHARGE, PRID)
VALUES (2,134292,'Nexium',3331,276.31,5);
INSERT INTO Fall22_S004_13_MEDICINES (SSID, MID, M_NAME, QUANTITY, CHARGE, PRID)
VALUES (2,134293,'Zetia',4581,197.8,5);
INSERT INTO Fall22_S004_13_MEDICINES (SSID, MID, M_NAME, QUANTITY, CHARGE, PRID)
VALUES (2,134294,'Tricor',2309,83.53,5);
INSERT INTO Fall22_S004_13_MEDICINES (SSID, MID, M_NAME, QUANTITY, CHARGE, PRID)
VALUES (2,134295,'Allegra',1957,238.65,5);
INSERT INTO Fall22_S004_13_MEDICINES (SSID, MID, M_NAME, QUANTITY, CHARGE, PRID)
VALUES (2,134296,'Diflucan',3478,43.5,5);
INSERT INTO Fall22_S004_13_MEDICINES (SSID, MID, M_NAME, QUANTITY, CHARGE, PRID)
VALUES (2,134297,'Prozac',919,185.82,5);
INSERT INTO Fall22_S004_13_MEDICINES (SSID, MID, M_NAME, QUANTITY, CHARGE, PRID)
VALUES (2,134298,'Advair',2585,219.47,5);
INSERT INTO Fall22_S004_13_MEDICINES (SSID, MID, M_NAME, QUANTITY, CHARGE, PRID)
VALUES (2,134299,'Flonase',1021,273.94,5);
INSERT INTO Fall22_S004_13_MEDICINES (SSID, MID, M_NAME, QUANTITY, CHARGE, PRID)
VALUES (2,134300,'Folic Acid',4362,208.33,5);
INSERT INTO Fall22_S004_13_MEDICINES (SSID, MID, M_NAME, QUANTITY, CHARGE, PRID)
VALUES (2,134301,'Lasix',4119,225.88,5);
INSERT INTO Fall22_S004_13_MEDICINES (SSID, MID, M_NAME, QUANTITY, CHARGE, PRID)
VALUES (2,134302,'Neurontin',2065,234.36,5);
INSERT INTO Fall22_S004_13_MEDICINES (SSID, MID, M_NAME, QUANTITY, CHARGE, PRID)
VALUES (2,134303,'Amaryl',2411,61.63,5);
INSERT INTO Fall22_S004_13_MEDICINES (SSID, MID, M_NAME, QUANTITY, CHARGE, PRID)
VALUES (2,134304,'Glucotrol',397,103.25,5);
INSERT INTO Fall22_S004_13_MEDICINES (SSID, MID, M_NAME, QUANTITY, CHARGE, PRID)
VALUES (2,134305,'Diabeta',3334,94.04,5);
INSERT INTO Fall22_S004_13_MEDICINES (SSID, MID, M_NAME, QUANTITY, CHARGE, PRID)
VALUES (2,134306,'Microzide',3707,298.02,5);
INSERT INTO Fall22_S004_13_MEDICINES (SSID, MID, M_NAME, QUANTITY, CHARGE, PRID)
VALUES (2,134307,'Vicodin',3032,88.45,5);
INSERT INTO Fall22_S004_13_MEDICINES (SSID, MID, M_NAME, QUANTITY, CHARGE, PRID)
VALUES (2,134308,'Motrin',4293,270.56,5);
INSERT INTO Fall22_S004_13_MEDICINES (SSID, MID, M_NAME, QUANTITY, CHARGE, PRID)
VALUES (2,134309,'Imdur',0,282.61,5);
INSERT INTO Fall22_S004_13_MEDICINES (SSID, MID, M_NAME, QUANTITY, CHARGE, PRID)
VALUES (2,134310,'Prevacid',2211,124.54,5);
INSERT INTO Fall22_S004_13_MEDICINES (SSID, MID, M_NAME, QUANTITY, CHARGE, PRID)
VALUES (2,134311,'Lantus',1424,171.09,5);
INSERT INTO Fall22_S004_13_MEDICINES (SSID, MID, M_NAME, QUANTITY, CHARGE, PRID)
VALUES (2,134312,'Levaquin',4158,79.06,5);
INSERT INTO Fall22_S004_13_MEDICINES (SSID, MID, M_NAME, QUANTITY, CHARGE, PRID)
VALUES (2,134313,'Synthroid',443,25.33,5);
INSERT INTO Fall22_S004_13_MEDICINES (SSID, MID, M_NAME, QUANTITY, CHARGE, PRID)
VALUES (2,134314,'Zestril',0,205.21,5);
INSERT INTO Fall22_S004_13_MEDICINES (SSID, MID, M_NAME, QUANTITY, CHARGE, PRID)
VALUES (2,134315,'Prinizide',716,179.46,5);
INSERT INTO Fall22_S004_13_MEDICINES (SSID, MID, M_NAME, QUANTITY, CHARGE, PRID)
VALUES (2,134316,'Ativan',2241,171.28,5);
INSERT INTO Fall22_S004_13_MEDICINES (SSID, MID, M_NAME, QUANTITY, CHARGE, PRID)
VALUES (2,134317,'Cozaar',1015,119.76,5);
INSERT INTO Fall22_S004_13_MEDICINES (SSID, MID, M_NAME, QUANTITY, CHARGE, PRID)
VALUES (2,134318,'Mevacor',2856,294.04,5);
INSERT INTO Fall22_S004_13_MEDICINES (SSID, MID, M_NAME, QUANTITY, CHARGE, PRID)
VALUES (2,134319,'Mobic',2077,41.72,5);
INSERT INTO Fall22_S004_13_MEDICINES (SSID, MID, M_NAME, QUANTITY, CHARGE, PRID)
VALUES (2,134320,'Glucophage',1119,24.77,5);
INSERT INTO Fall22_S004_13_MEDICINES (SSID, MID, M_NAME, QUANTITY, CHARGE, PRID)
VALUES (2,134321,'Medrol',4979,240.41,5);
INSERT INTO Fall22_S004_13_MEDICINES (SSID, MID, M_NAME, QUANTITY, CHARGE, PRID)
VALUES (2,134322,'Toprol',2444,135.61,5);
INSERT INTO Fall22_S004_13_MEDICINES (SSID, MID, M_NAME, QUANTITY, CHARGE, PRID)
VALUES (2,134323,'Lopressor',216,287.74,5);
INSERT INTO Fall22_S004_13_MEDICINES (SSID, MID, M_NAME, QUANTITY, CHARGE, PRID)
VALUES (2,134324,'Nasonex',3540,153.56,5);
INSERT INTO Fall22_S004_13_MEDICINES (SSID, MID, M_NAME, QUANTITY, CHARGE, PRID)
VALUES (2,134325,'Singulair',4935,115.21,5);
INSERT INTO Fall22_S004_13_MEDICINES (SSID, MID, M_NAME, QUANTITY, CHARGE, PRID)
VALUES (2,134326,'Naprosyn',4081,270.65,5);
INSERT INTO Fall22_S004_13_MEDICINES (SSID, MID, M_NAME, QUANTITY, CHARGE, PRID)
VALUES (2,134327,'Prilosec',2225,89.66,5);
INSERT INTO Fall22_S004_13_MEDICINES (SSID, MID, M_NAME, QUANTITY, CHARGE, PRID)
VALUES (2,134328,'Roxicet',3993,65.71,5);
INSERT INTO Fall22_S004_13_MEDICINES (SSID, MID, M_NAME, QUANTITY, CHARGE, PRID)
VALUES (2,134329,'Protonix',4861,207.84,5);
INSERT INTO Fall22_S004_13_MEDICINES (SSID, MID, M_NAME, QUANTITY, CHARGE, PRID)
VALUES (2,134330,'Paxil',3045,115.09,5);
INSERT INTO Fall22_S004_13_MEDICINES (SSID, MID, M_NAME, QUANTITY, CHARGE, PRID)
VALUES (2,134331,'Actos',1910,30.27,5);
INSERT INTO Fall22_S004_13_MEDICINES (SSID, MID, M_NAME, QUANTITY, CHARGE, PRID)
VALUES (2,134332,'Klor-Con',607,116.78,5);
INSERT INTO Fall22_S004_13_MEDICINES (SSID, MID, M_NAME, QUANTITY, CHARGE, PRID)
VALUES (2,134333,'Pravachol',4384,113.25,5);
INSERT INTO Fall22_S004_13_MEDICINES (SSID, MID, M_NAME, QUANTITY, CHARGE, PRID)
VALUES (2,134334,'Deltasone',3436,275.25,5);
INSERT INTO Fall22_S004_13_MEDICINES (SSID, MID, M_NAME, QUANTITY, CHARGE, PRID)
VALUES (2,134335,'Lyrica',1443,217.63,5);
INSERT INTO Fall22_S004_13_MEDICINES (SSID, MID, M_NAME, QUANTITY, CHARGE, PRID)
VALUES (2,134336,'Premarin',3462,89.89,5);
INSERT INTO Fall22_S004_13_MEDICINES (SSID, MID, M_NAME, QUANTITY, CHARGE, PRID)
VALUES (2,134337,'Phenergan',814,285.95,5);
INSERT INTO Fall22_S004_13_MEDICINES (SSID, MID, M_NAME, QUANTITY, CHARGE, PRID)
VALUES (2,134338,'Seroquel',901,293.7,5);
INSERT INTO Fall22_S004_13_MEDICINES (SSID, MID, M_NAME, QUANTITY, CHARGE, PRID)
VALUES (2,134339,'Zantac',4370,89.21,5);
INSERT INTO Fall22_S004_13_MEDICINES (SSID, MID, M_NAME, QUANTITY, CHARGE, PRID)
VALUES (2,134340,'Crestor',2234,253.34,5);

INSERT INTO Fall22_S004_13_CONSULTANCY (SSID, CID, CHARGE, C_DESCRIPTION)
VALUES (1,10,100,'General Checkup');
INSERT INTO Fall22_S004_13_CONSULTANCY (SSID, CID, CHARGE, C_DESCRIPTION)
VALUES (1,11,250,'Test and Scan');
INSERT INTO Fall22_S004_13_CONSULTANCY (SSID, CID, CHARGE, C_DESCRIPTION)
VALUES (1,12,1000,'Surgical');
INSERT INTO Fall22_S004_13_CONSULTANCY (SSID, CID, CHARGE, C_DESCRIPTION)
VALUES (1,13,150,'Cardio Consultancy');
INSERT INTO Fall22_S004_13_CONSULTANCY (SSID, CID, CHARGE, C_DESCRIPTION)
VALUES (1,14,0,'Post Surgery Checkup');
INSERT INTO Fall22_S004_13_CONSULTANCY (SSID, CID, CHARGE, C_DESCRIPTION)
VALUES (1,15,135,'Neuro Consultancy');

INSERT INTO Fall22_S004_13_PATIENT (PID, PA_ID, HID, S_DATE, E_DATE)
VALUES (13101,5501,805,'12-Feb-10',NULL);
INSERT INTO Fall22_S004_13_PATIENT (PID, PA_ID, HID, S_DATE, E_DATE)
VALUES (13117,5502,801,'18-Feb-10','27-Feb-10');
INSERT INTO Fall22_S004_13_PATIENT (PID, PA_ID, HID, S_DATE, E_DATE)
VALUES (13132,5503,804,'26-Mar-10','27-Mar-10');
INSERT INTO Fall22_S004_13_PATIENT (PID, PA_ID, HID, S_DATE, E_DATE)
VALUES (13185,5504,802,'29-Aug-10',NULL);
INSERT INTO Fall22_S004_13_PATIENT (PID, PA_ID, HID, S_DATE, E_DATE)
VALUES (13167,5505,801,'6-May-11',NULL);
INSERT INTO Fall22_S004_13_PATIENT (PID, PA_ID, HID, S_DATE, E_DATE)
VALUES (13169,5506,805,'9-May-11','9-May-11');
INSERT INTO Fall22_S004_13_PATIENT (PID, PA_ID, HID, S_DATE, E_DATE)
VALUES (13164,5507,805,'22-May-11','27-May-11');
INSERT INTO Fall22_S004_13_PATIENT (PID, PA_ID, HID, S_DATE, E_DATE)
VALUES (13179,5508,801,'31-May-11',NULL);
INSERT INTO Fall22_S004_13_PATIENT (PID, PA_ID, HID, S_DATE, E_DATE)
VALUES (13165,5509,801,'25-Aug-11','26-Sep-11');
INSERT INTO Fall22_S004_13_PATIENT (PID, PA_ID, HID, S_DATE, E_DATE)
VALUES (13124,5510,802,'24-Sep-11',NULL);
INSERT INTO Fall22_S004_13_PATIENT (PID, PA_ID, HID, S_DATE, E_DATE)
VALUES (13142,5511,803,'7-Dec-11',NULL);
INSERT INTO Fall22_S004_13_PATIENT (PID, PA_ID, HID, S_DATE, E_DATE)
VALUES (13110,5512,804,'5-May-12',NULL);
INSERT INTO Fall22_S004_13_PATIENT (PID, PA_ID, HID, S_DATE, E_DATE)
VALUES (13177,5513,803,'9-May-12','1-Aug-12');
INSERT INTO Fall22_S004_13_PATIENT (PID, PA_ID, HID, S_DATE, E_DATE)
VALUES (13182,5514,801,'22-May-12','29-Jun-12');
INSERT INTO Fall22_S004_13_PATIENT (PID, PA_ID, HID, S_DATE, E_DATE)
VALUES (13188,5515,805,'2-Jul-12',NULL);
INSERT INTO Fall22_S004_13_PATIENT (PID, PA_ID, HID, S_DATE, E_DATE)
VALUES (13190,5516,803,'9-Jul-12','11-Jul-12');
INSERT INTO Fall22_S004_13_PATIENT (PID, PA_ID, HID, S_DATE, E_DATE)
VALUES (13126,5517,803,'16-Sep-12',NULL);
INSERT INTO Fall22_S004_13_PATIENT (PID, PA_ID, HID, S_DATE, E_DATE)
VALUES (13173,5518,805,'23-Dec-12',NULL);
INSERT INTO Fall22_S004_13_PATIENT (PID, PA_ID, HID, S_DATE, E_DATE)
VALUES (13195,5519,802,'5-Mar-13','6-Apr-13');
INSERT INTO Fall22_S004_13_PATIENT (PID, PA_ID, HID, S_DATE, E_DATE)
VALUES (13116,5520,804,'4-Jul-13','10-Sep-13');
INSERT INTO Fall22_S004_13_PATIENT (PID, PA_ID, HID, S_DATE, E_DATE)
VALUES (13129,5521,804,'6-Nov-13','16-Nov-13');
INSERT INTO Fall22_S004_13_PATIENT (PID, PA_ID, HID, S_DATE, E_DATE)
VALUES (13198,5522,803,'13-Jul-14',NULL);
INSERT INTO Fall22_S004_13_PATIENT (PID, PA_ID, HID, S_DATE, E_DATE)
VALUES (13156,5523,803,'4-Sep-14',NULL);
INSERT INTO Fall22_S004_13_PATIENT (PID, PA_ID, HID, S_DATE, E_DATE)
VALUES (13123,5524,805,'1-Mar-15',NULL);
INSERT INTO Fall22_S004_13_PATIENT (PID, PA_ID, HID, S_DATE, E_DATE)
VALUES (13160,5525,802,'10-Mar-15','6-Dec-15');
INSERT INTO Fall22_S004_13_PATIENT (PID, PA_ID, HID, S_DATE, E_DATE)
VALUES (13158,5526,804,'16-May-15',NULL);
INSERT INTO Fall22_S004_13_PATIENT (PID, PA_ID, HID, S_DATE, E_DATE)
VALUES (13105,5527,802,'20-May-15',NULL);
INSERT INTO Fall22_S004_13_PATIENT (PID, PA_ID, HID, S_DATE, E_DATE)
VALUES (13134,5528,802,'26-Jul-15',NULL);
INSERT INTO Fall22_S004_13_PATIENT (PID, PA_ID, HID, S_DATE, E_DATE)
VALUES (13131,5529,803,'6-Oct-15','20-Oct-15');
INSERT INTO Fall22_S004_13_PATIENT (PID, PA_ID, HID, S_DATE, E_DATE)
VALUES (13175,5530,804,'23-Oct-15',NULL);
INSERT INTO Fall22_S004_13_PATIENT (PID, PA_ID, HID, S_DATE, E_DATE)
VALUES (13180,5531,805,'3-Nov-15',NULL);
INSERT INTO Fall22_S004_13_PATIENT (PID, PA_ID, HID, S_DATE, E_DATE)
VALUES (13155,5532,804,'10-Dec-15','1-Jan-16');
INSERT INTO Fall22_S004_13_PATIENT (PID, PA_ID, HID, S_DATE, E_DATE)
VALUES (13136,5533,802,'5-Dec-15','11-Dec-11');
INSERT INTO Fall22_S004_13_PATIENT (PID, PA_ID, HID, S_DATE, E_DATE)
VALUES (13163,5534,804,'7-Aug-16',NULL);
INSERT INTO Fall22_S004_13_PATIENT (PID, PA_ID, HID, S_DATE, E_DATE)
VALUES (13193,5535,804,'5-Nov-16',NULL);
INSERT INTO Fall22_S004_13_PATIENT (PID, PA_ID, HID, S_DATE, E_DATE)
VALUES (13145,5536,803,'24-Jan-17',NULL);
INSERT INTO Fall22_S004_13_PATIENT (PID, PA_ID, HID, S_DATE, E_DATE)
VALUES (13149,5537,802,'12-Apr-11','9-May-11');
INSERT INTO Fall22_S004_13_PATIENT (PID, PA_ID, HID, S_DATE, E_DATE)
VALUES (13151,5538,804,'2-May-17','30-May-17');
INSERT INTO Fall22_S004_13_PATIENT (PID, PA_ID, HID, S_DATE, E_DATE)
VALUES (13113,5539,801,'9-May-16','1-Nov-16');
INSERT INTO Fall22_S004_13_PATIENT (PID, PA_ID, HID, S_DATE, E_DATE)
VALUES (13153,5540,805,'8-Jun-17','15-Jul-17');
INSERT INTO Fall22_S004_13_PATIENT (PID, PA_ID, HID, S_DATE, E_DATE)
VALUES (13122,5541,804,'24-Jul-17',NULL);
INSERT INTO Fall22_S004_13_PATIENT (PID, PA_ID, HID, S_DATE, E_DATE)
VALUES (13191,5542,803,'6-Sep-17','9-Jul-18');
INSERT INTO Fall22_S004_13_PATIENT (PID, PA_ID, HID, S_DATE, E_DATE)
VALUES (13107,5543,801,'14-Nov-17',NULL);
INSERT INTO Fall22_S004_13_PATIENT (PID, PA_ID, HID, S_DATE, E_DATE)
VALUES (13186,5544,804,'2-Feb-12','7-Feb-12');
INSERT INTO Fall22_S004_13_PATIENT (PID, PA_ID, HID, S_DATE, E_DATE)
VALUES (13102,5545,801,'21-Mar-18',NULL);
INSERT INTO Fall22_S004_13_PATIENT (PID, PA_ID, HID, S_DATE, E_DATE)
VALUES (13103,5546,803,'19-Jul-12','13-Aug-12');
INSERT INTO Fall22_S004_13_PATIENT (PID, PA_ID, HID, S_DATE, E_DATE)
VALUES (13120,5547,805,'4-Jul-18',NULL);
INSERT INTO Fall22_S004_13_PATIENT (PID, PA_ID, HID, S_DATE, E_DATE)
VALUES (13176,5548,805,'27-Jul-18',NULL);
INSERT INTO Fall22_S004_13_PATIENT (PID, PA_ID, HID, S_DATE, E_DATE)
VALUES (13178,5549,804,'5-May-14','2-May-14');
INSERT INTO Fall22_S004_13_PATIENT (PID, PA_ID, HID, S_DATE, E_DATE)
VALUES (13141,5550,804,'3-Jun-19','21-Jan-20');
INSERT INTO Fall22_S004_13_PATIENT (PID, PA_ID, HID, S_DATE, E_DATE)
VALUES (13154,5551,802,'27-Sep-19','29-Sep-21');
INSERT INTO Fall22_S004_13_PATIENT (PID, PA_ID, HID, S_DATE, E_DATE)
VALUES (13166,5552,803,'26-Jun-18','29-Jun-18');
INSERT INTO Fall22_S004_13_PATIENT (PID, PA_ID, HID, S_DATE, E_DATE)
VALUES (13114,5553,803,'19-Mar-20',NULL);
INSERT INTO Fall22_S004_13_PATIENT (PID, PA_ID, HID, S_DATE, E_DATE)
VALUES (13183,5554,803,'31-Mar-20',NULL);
INSERT INTO Fall22_S004_13_PATIENT (PID, PA_ID, HID, S_DATE, E_DATE)
VALUES (13128,5555,805,'23-Apr-20','30-Sep-20');
INSERT INTO Fall22_S004_13_PATIENT (PID, PA_ID, HID, S_DATE, E_DATE)
VALUES (13138,5556,804,'5-Aug-20',NULL);
INSERT INTO Fall22_S004_13_PATIENT (PID, PA_ID, HID, S_DATE, E_DATE)
VALUES (13104,5557,801,'19-Aug-20',NULL);
INSERT INTO Fall22_S004_13_PATIENT (PID, PA_ID, HID, S_DATE, E_DATE)
VALUES (13119,5558,802,'30-Oct-20','31-Oct-20');
INSERT INTO Fall22_S004_13_PATIENT (PID, PA_ID, HID, S_DATE, E_DATE)
VALUES (13196,5559,804,'25-Jan-21',NULL);
INSERT INTO Fall22_S004_13_PATIENT (PID, PA_ID, HID, S_DATE, E_DATE)
VALUES (13130,5560,803,'27-Jul-21',NULL);
INSERT INTO Fall22_S004_13_PATIENT (PID, PA_ID, HID, S_DATE, E_DATE)
VALUES (13106,5561,802,'9-Aug-21','22-Aug-21');
INSERT INTO Fall22_S004_13_PATIENT (PID, PA_ID, HID, S_DATE, E_DATE)
VALUES (13174,5562,805,'17-Aug-21',NULL);
INSERT INTO Fall22_S004_13_PATIENT (PID, PA_ID, HID, S_DATE, E_DATE)
VALUES (13184,5563,801,'13-Jan-22',NULL);
INSERT INTO Fall22_S004_13_PATIENT (PID, PA_ID, HID, S_DATE, E_DATE)
VALUES (13108,5564,801,'10-Feb-22',NULL);
INSERT INTO Fall22_S004_13_PATIENT (PID, PA_ID, HID, S_DATE, E_DATE)
VALUES (13162,5565,804,'9-Jul-22','10-Jul-22');
INSERT INTO Fall22_S004_13_PATIENT (PID, PA_ID, HID, S_DATE, E_DATE)
VALUES (13197,5566,804,'17-Jul-22',NULL);


INSERT INTO Fall22_S004_13_ORDERS(O_ID, O_DATE, O_TYPE, O_DESCRIPTION, RID, MID, CID, TID, PA_ID)
VALUES (3001, '13-Jul-14', 'Consultancy', 'Medicine charge for Patient 5501', NULL, 134141, NULL, NULL, 5501);
INSERT INTO Fall22_S004_13_ORDERS(O_ID, O_DATE, O_TYPE, O_DESCRIPTION, RID, MID, CID, TID, PA_ID)
VALUES (3002, '13-Jul-14', 'Medicine', 'Consultancy charge for Patient 5501', NULL, NULL, 10, NULL, 5501);
INSERT INTO Fall22_S004_13_ORDERS(O_ID, O_DATE, O_TYPE, O_DESCRIPTION, RID, MID, CID, TID, PA_ID)
VALUES (3003, '17-Jul-22', 'Consultancy', 'Consultancy charge for Patient 5502', NULL, NULL, 10, NULL, 5502);
INSERT INTO Fall22_S004_13_ORDERS(O_ID, O_DATE, O_TYPE, O_DESCRIPTION, RID, MID, CID, TID, PA_ID)
VALUES (3004, '17-Jul-22', 'Medicine', 'Medicine charge for Patient 5502', NULL, 134191, NULL, NULL, 5502);
INSERT INTO Fall22_S004_13_ORDERS(O_ID, O_DATE, O_TYPE, O_DESCRIPTION, RID, MID, CID, TID, PA_ID)
VALUES (3005, '25-Jan-21', 'Medicine', 'Medicine charge for Patient 5503', NULL, 134192, NULL, NULL, 5503);
INSERT INTO Fall22_S004_13_ORDERS(O_ID, O_DATE, O_TYPE, O_DESCRIPTION, RID, MID, CID, TID, PA_ID)
VALUES (3006, '25-Jan-21', 'Consultancy', 'Consultancy charge for Patient 5503', NULL, NULL, 10, NULL, 5503);
INSERT INTO Fall22_S004_13_ORDERS(O_ID, O_DATE, O_TYPE, O_DESCRIPTION, RID, MID, CID, TID, PA_ID)
VALUES (3007, '5-Mar-13', 'Consultancy', 'Consultancy charge for Patient 5504', NULL, NULL, 12, NULL, 5504);
INSERT INTO Fall22_S004_13_ORDERS(O_ID, O_DATE, O_TYPE, O_DESCRIPTION, RID, MID, CID, TID, PA_ID)
VALUES (3008, '6-Mar-13', 'Room', 'Room charge for Patient 5504', 102, NULL, NULL, NULL, 5504);
INSERT INTO Fall22_S004_13_ORDERS(O_ID, O_DATE, O_TYPE, O_DESCRIPTION, RID, MID, CID, TID, PA_ID)
VALUES (3009, '5-Apr-13', 'Medicine', 'Medicine charge for Patient 5504', NULL, 134101, NULL, NULL, 5504);
INSERT INTO Fall22_S004_13_ORDERS(O_ID, O_DATE, O_TYPE, O_DESCRIPTION, RID, MID, CID, TID, PA_ID)
VALUES (3010, '5-Nov-16', 'Consultancy', 'Consultancy charge for Patient 5505', NULL, NULL, 10, NULL, 5505);
INSERT INTO Fall22_S004_13_ORDERS(O_ID, O_DATE, O_TYPE, O_DESCRIPTION, RID, MID, CID, TID, PA_ID)
VALUES (3011, '5-Nov-16', 'Medicine', 'Medicine charge for Patient 5505', NULL, 134195, Null, NULL, 5505);
INSERT INTO Fall22_S004_13_ORDERS(O_ID, O_DATE, O_TYPE, O_DESCRIPTION, RID, MID, CID, TID, PA_ID)
VALUES (3012, '6-Sep-17', 'Consultancy', 'Consultancy charge for Patient 5506', NULL, NULL, 13, NULL, 5506);
INSERT INTO Fall22_S004_13_ORDERS(O_ID, O_DATE, O_TYPE, O_DESCRIPTION, RID, MID, CID, TID, PA_ID)
VALUES (3013, '7-Sep-17', 'Room', 'Room charge for Patient 5506', 300, NULL, NULL, NULL, 5506);
INSERT INTO Fall22_S004_13_ORDERS(O_ID, O_DATE, O_TYPE, O_DESCRIPTION, RID, MID, CID, TID, PA_ID)
VALUES (3014, '8-Jul-18', 'Medicine', 'Medicine charge for Patient 5506', NULL, 134147, NULL, NULL, 5506);
INSERT INTO Fall22_S004_13_ORDERS(O_ID, O_DATE, O_TYPE, O_DESCRIPTION, RID, MID, CID, TID, PA_ID)
VALUES (3015, '9-Jul-12', 'Consultancy', 'Consultancy charge for Patient 5507', NULL, NULL, 15, NULL, 5507);
INSERT INTO Fall22_S004_13_ORDERS(O_ID, O_DATE, O_TYPE, O_DESCRIPTION, RID, MID, CID, TID, PA_ID)
VALUES (3016, '9-Jul-12', 'Room', 'Room charge for Patient 5507', 100, NULL, NULL, NULL, 5507);
INSERT INTO Fall22_S004_13_ORDERS(O_ID, O_DATE, O_TYPE, O_DESCRIPTION, RID, MID, CID, TID, PA_ID)
VALUES (3017, '10-Jul-12', 'Medicine', 'Medicine charge for Patient 5507', NULL, 134145, null, NULL, 5507);
INSERT INTO Fall22_S004_13_ORDERS(O_ID, O_DATE, O_TYPE, O_DESCRIPTION, RID, MID, CID, TID, PA_ID)
VALUES (3018, '2-Jul-12', 'Consultancy', 'Consultancy charge for Patient 5501', NULL, NULL, 10, NULL, 5508);
INSERT INTO Fall22_S004_13_ORDERS(O_ID, O_DATE, O_TYPE, O_DESCRIPTION, RID, MID, CID, TID, PA_ID)
VALUES (3019, '2-Feb-12', 'Consultancy', 'Consultancy charge for Patient 5509', NULL, NULL, 10, NULL, 5509);
INSERT INTO Fall22_S004_13_ORDERS(O_ID, O_DATE, O_TYPE, O_DESCRIPTION, RID, MID, CID, TID, PA_ID)
VALUES (3020, '2-Feb-12', 'Room', 'Room charge for Patient 5509', 102, NULL, null, NULL, 5509);
INSERT INTO Fall22_S004_13_ORDERS(O_ID, O_DATE, O_TYPE, O_DESCRIPTION, RID, MID, CID, TID, PA_ID)
VALUES (3021, '7-Feb-12', 'Medicine', 'Medicine charge for Patient 5509', NULL, 134198, null, NULL, 5509);
INSERT INTO Fall22_S004_13_ORDERS(O_ID, O_DATE, O_TYPE, O_DESCRIPTION, RID, MID, CID, TID, PA_ID)
VALUES (3022, '29-Aug-10', 'Consultancy', 'Consultancy charge for Patient 5510', NULL, NULL, 10, NULL, 5510);
INSERT INTO Fall22_S004_13_ORDERS(O_ID, O_DATE, O_TYPE, O_DESCRIPTION, RID, MID, CID, TID, PA_ID)
VALUES (3023, '13-Jan-22', 'Consultancy', 'Consultancy charge for Patient 5511', NULL, NULL, 10, NULL, 5511);
INSERT INTO Fall22_S004_13_ORDERS(O_ID, O_DATE, O_TYPE, O_DESCRIPTION, RID, MID, CID, TID, PA_ID)
VALUES (3024, '31-Mar-20', 'Consultancy', 'Consultancy charge for Patient 5512', NULL, NULL, 10, NULL, 5512);
INSERT INTO Fall22_S004_13_ORDERS(O_ID, O_DATE, O_TYPE, O_DESCRIPTION, RID, MID, CID, TID, PA_ID)
VALUES (3025, '22-May-12', 'Consultancy', 'Consultancy charge for Patient 5513', NULL, NULL, 10, NULL, 5513);
INSERT INTO Fall22_S004_13_ORDERS(O_ID, O_DATE, O_TYPE, O_DESCRIPTION, RID, MID, CID, TID, PA_ID)
VALUES (3026, '29-Jun-12', 'Medicine', 'Medicine charge for Patient 5513', NULL, 134015, null, NULL, 5513);
INSERT INTO Fall22_S004_13_ORDERS(O_ID, O_DATE, O_TYPE, O_DESCRIPTION, RID, MID, CID, TID, PA_ID)
VALUES (3027, '22-May-12', 'Room', 'Room charge for Patient 5513', 201, NULL, null, NULL, 5513);
INSERT INTO Fall22_S004_13_ORDERS(O_ID, O_DATE, O_TYPE, O_DESCRIPTION, RID, MID, CID, TID, PA_ID)
VALUES (3028, '3-Nov-15', 'Consultancy', 'Consultancy charge for Patient 5514', NULL, NULL, 10, NULL, 5514);
INSERT INTO Fall22_S004_13_ORDERS(O_ID, O_DATE, O_TYPE, O_DESCRIPTION, RID, MID, CID, TID, PA_ID)
VALUES (3029, '31-May-11', 'Consultancy', 'Consultancy charge for Patient 5515', NULL, NULL, 10, NULL, 5515);
INSERT INTO Fall22_S004_13_ORDERS(O_ID, O_DATE, O_TYPE, O_DESCRIPTION, RID, MID, CID, TID, PA_ID)
VALUES (3030, '5-May-14', 'Consultancy', 'Consultancy charge for Patient 5516', NULL, NULL, 10, NULL, 5516);
INSERT INTO Fall22_S004_13_ORDERS(O_ID, O_DATE, O_TYPE, O_DESCRIPTION, RID, MID, CID, TID, PA_ID)
VALUES (3031, '2-May-14', 'Medicine', 'Medicine charge for Patient 5516', NULL, 134199, null, NULL, 5516);
INSERT INTO Fall22_S004_13_ORDERS(O_ID, O_DATE, O_TYPE, O_DESCRIPTION, RID, MID, CID, TID, PA_ID)
VALUES (3032, '5-May-14', 'Room', 'Room charge for Patient 5516', 201, NULL, null, NULL, 5516);
INSERT INTO Fall22_S004_13_ORDERS(O_ID, O_DATE, O_TYPE, O_DESCRIPTION, RID, MID, CID, TID, PA_ID)
VALUES (3033, '5-May-14', 'Consultancy', 'Consultancy charge for Patient 5517', NULL, NULL, 10, NULL, 5517);
INSERT INTO Fall22_S004_13_ORDERS(O_ID, O_DATE, O_TYPE, O_DESCRIPTION, RID, MID, CID, TID, PA_ID)
VALUES (3034, '2-May-14', 'Medicine', 'Medicine charge for Patient 5517', NULL, 134150, null, NULL, 5517);
INSERT INTO Fall22_S004_13_ORDERS(O_ID, O_DATE, O_TYPE, O_DESCRIPTION, RID, MID, CID, TID, PA_ID)
VALUES (3035, '5-May-14', 'Room', 'Room charge for Patient 5517', 201, NULL, null, NULL, 5517);
INSERT INTO Fall22_S004_13_ORDERS(O_ID, O_DATE, O_TYPE, O_DESCRIPTION, RID, MID, CID, TID, PA_ID)
VALUES (3036, '27-Jul-18', 'Consultancy', 'Consultancy charge for Patient 5518', NULL, NULL, 10, NULL, 5518);
INSERT INTO Fall22_S004_13_ORDERS(O_ID, O_DATE, O_TYPE, O_DESCRIPTION, RID, MID, CID, TID, PA_ID)
VALUES (3037, '23-Oct-15', 'Consultancy', 'Consultancy charge for Patient 5519', NULL, NULL, 10, NULL, 5519);
INSERT INTO Fall22_S004_13_ORDERS(O_ID, O_DATE, O_TYPE, O_DESCRIPTION, RID, MID, CID, TID, PA_ID)
VALUES (3038, '17-Aug-21', 'Consultancy', 'Consultancy charge for Patient 5520', NULL, NULL, 10, NULL, 5520);
INSERT INTO Fall22_S004_13_ORDERS(O_ID, O_DATE, O_TYPE, O_DESCRIPTION, RID, MID, CID, TID, PA_ID)
VALUES (3039, '23-Dec-12', 'Consultancy', 'Consultancy charge for Patient 5521', NULL, NULL, 10, NULL, 5521);
INSERT INTO Fall22_S004_13_ORDERS(O_ID, O_DATE, O_TYPE, O_DESCRIPTION, RID, MID, CID, TID, PA_ID)
VALUES (3040, '9-May-11', 'Consultancy', 'Consultancy charge for Patient 5522', NULL, NULL, 10, NULL, 5522);
INSERT INTO Fall22_S004_13_ORDERS(O_ID, O_DATE, O_TYPE, O_DESCRIPTION, RID, MID, CID, TID, PA_ID)
VALUES (3041, '9-May-11', 'Medicine', 'Medicine charge for Patient 5522', NULL, 134269, null, NULL, 5522);
INSERT INTO Fall22_S004_13_ORDERS(O_ID, O_DATE, O_TYPE, O_DESCRIPTION, RID, MID, CID, TID, PA_ID)
VALUES (3042, '10-May-11', 'Room', 'Room charge for Patient 5522', 201, NULL, null, NULL, 5522);
INSERT INTO Fall22_S004_13_ORDERS(O_ID, O_DATE, O_TYPE, O_DESCRIPTION, RID, MID, CID, TID, PA_ID)
VALUES (3043, '6-May-11', 'Consultancy', 'Consultancy charge for Patient 5523', NULL, NULL, 10, NULL, 5523);
INSERT INTO Fall22_S004_13_ORDERS(O_ID, O_DATE, O_TYPE, O_DESCRIPTION, RID, MID, CID, TID, PA_ID)
VALUES (3044, '26-Jun-18', 'Consultancy', 'Consultancy charge for Patient 5524', NULL, NULL, 10, NULL, 5524);
INSERT INTO Fall22_S004_13_ORDERS(O_ID, O_DATE, O_TYPE, O_DESCRIPTION, RID, MID, CID, TID, PA_ID)
VALUES (3045, '29-Jun-18', 'Medicine', 'Medicine charge for Patient 5524', NULL, 134158, null, NULL, 5524);
INSERT INTO Fall22_S004_13_ORDERS(O_ID, O_DATE, O_TYPE, O_DESCRIPTION, RID, MID, CID, TID, PA_ID)
VALUES (3046, '26-Jun-18', 'Room', 'Room charge for Patient 5524', 201, NULL, null, NULL, 5524);
INSERT INTO Fall22_S004_13_ORDERS(O_ID, O_DATE, O_TYPE, O_DESCRIPTION, RID, MID, CID, TID, PA_ID)
VALUES (3047, '25-Aug-11', 'Consultancy', 'Consultancy charge for Patient 5525', NULL, NULL, 10, NULL, 5525);
INSERT INTO Fall22_S004_13_ORDERS(O_ID, O_DATE, O_TYPE, O_DESCRIPTION, RID, MID, CID, TID, PA_ID)
VALUES (3048, '25-Aug-11', 'Medicine', 'Medicine charge for Patient 5525', NULL, 134269, null, NULL, 5525);
INSERT INTO Fall22_S004_13_ORDERS(O_ID, O_DATE, O_TYPE, O_DESCRIPTION, RID, MID, CID, TID, PA_ID)
VALUES (3049, '26-Sep-11', 'Room', 'Room charge for Patient 5525', 201, NULL, null, NULL, 5525);
INSERT INTO Fall22_S004_13_ORDERS(O_ID, O_DATE, O_TYPE, O_DESCRIPTION, RID, MID, CID, TID, PA_ID)
VALUES (3050, '22-May-11', 'Consultancy', 'Consultancy charge for Patient 5526', NULL, NULL, 10, NULL, 5526);
INSERT INTO Fall22_S004_13_ORDERS(O_ID, O_DATE, O_TYPE, O_DESCRIPTION, RID, MID, CID, TID, PA_ID)
VALUES (3051, '27-May-11', 'Medicine', 'Medicine charge for Patient 5526', NULL, 134269, null, NULL, 5526);
INSERT INTO Fall22_S004_13_ORDERS(O_ID, O_DATE, O_TYPE, O_DESCRIPTION, RID, MID, CID, TID, PA_ID)
VALUES (3052, '22-May-11', 'Room', 'Room charge for Patient 5526', 201, NULL, null, NULL, 5526);
INSERT INTO Fall22_S004_13_ORDERS(O_ID, O_DATE, O_TYPE, O_DESCRIPTION, RID, MID, CID, TID, PA_ID)
VALUES (3053, '7-Aug-16', 'Consultancy', 'Consultancy charge for Patient 5527', NULL, NULL, 10, NULL, 5527);
INSERT INTO Fall22_S004_13_ORDERS(O_ID, O_DATE, O_TYPE, O_DESCRIPTION, RID, MID, CID, TID, PA_ID)
VALUES (3054, '9-Jul-22', 'Consultancy', 'Consultancy charge for Patient 5528', NULL, NULL, 10, NULL, 5528);
INSERT INTO Fall22_S004_13_ORDERS(O_ID, O_DATE, O_TYPE, O_DESCRIPTION, RID, MID, CID, TID, PA_ID)
VALUES (3055, '10-Mar-15', 'Consultancy', 'Consultancy charge for Patient 5529', NULL, NULL, 10, NULL, 5529);
INSERT INTO Fall22_S004_13_ORDERS(O_ID, O_DATE, O_TYPE, O_DESCRIPTION, RID, MID, CID, TID, PA_ID)
VALUES (3056, '16-May-15', 'Consultancy', 'Consultancy charge for Patient 5530', NULL, NULL, 10, NULL, 5530);
INSERT INTO Fall22_S004_13_ORDERS(O_ID, O_DATE, O_TYPE, O_DESCRIPTION, RID, MID, CID, TID, PA_ID)
VALUES (3057, '4-Sep-14', 'Consultancy', 'Consultancy charge for Patient 5531', NULL, NULL, 10, NULL, 5531);
INSERT INTO Fall22_S004_13_ORDERS(O_ID, O_DATE, O_TYPE, O_DESCRIPTION, RID, MID, CID, TID, PA_ID)
VALUES (3058, '10-Dec-15', 'Consultancy', 'Consultancy charge for Patient 5532', NULL, NULL, 10, NULL, 5532);
INSERT INTO Fall22_S004_13_ORDERS(O_ID, O_DATE, O_TYPE, O_DESCRIPTION, RID, MID, CID, TID, PA_ID)
VALUES (3059, '27-Sep-19', 'Consultancy', 'Consultancy charge for Patient 5533', NULL, NULL, 10, NULL, 5533);
INSERT INTO Fall22_S004_13_ORDERS(O_ID, O_DATE, O_TYPE, O_DESCRIPTION, RID, MID, CID, TID, PA_ID)
VALUES (3060, '8-Jun-17', 'Consultancy', 'Consultancy charge for Patient 5534', NULL, NULL, 10, NULL, 5534);
INSERT INTO Fall22_S004_13_ORDERS(O_ID, O_DATE, O_TYPE, O_DESCRIPTION, RID, MID, CID, TID, PA_ID)
VALUES (3061, '2-May-17', 'Consultancy', 'Consultancy charge for Patient 5535', NULL, NULL, 10, NULL, 5535);
INSERT INTO Fall22_S004_13_ORDERS(O_ID, O_DATE, O_TYPE, O_DESCRIPTION, RID, MID, CID, TID, PA_ID)
VALUES (3062, '12-Apr-11', 'Consultancy', 'Consultancy charge for Patient 5536', NULL, NULL, 10, NULL, 5536);
INSERT INTO Fall22_S004_13_ORDERS(O_ID, O_DATE, O_TYPE, O_DESCRIPTION, RID, MID, CID, TID, PA_ID)
VALUES (3063, '24-Jan-17', 'Consultancy', 'Consultancy charge for Patient 5537', NULL, NULL, 10, NULL, 5537);
INSERT INTO Fall22_S004_13_ORDERS(O_ID, O_DATE, O_TYPE, O_DESCRIPTION, RID, MID, CID, TID, PA_ID)
VALUES (3064, '7-Dec-11', 'Consultancy', 'Consultancy charge for Patient 5538', NULL, NULL, 10, NULL, 5538);
INSERT INTO Fall22_S004_13_ORDERS(O_ID, O_DATE, O_TYPE, O_DESCRIPTION, RID, MID, CID, TID, PA_ID)
VALUES (3065, '3-Jun-19', 'Consultancy', 'Consultancy charge for Patient 5539', NULL, NULL, 10, NULL, 5539);
INSERT INTO Fall22_S004_13_ORDERS(O_ID, O_DATE, O_TYPE, O_DESCRIPTION, RID, MID, CID, TID, PA_ID)
VALUES (3066, '5-Aug-20', 'Consultancy', 'Consultancy charge for Patient 5540', NULL, NULL, 10, NULL, 5540);
INSERT INTO Fall22_S004_13_ORDERS(O_ID, O_DATE, O_TYPE, O_DESCRIPTION, RID, MID, CID, TID, PA_ID)
VALUES (3067, '5-Dec-15', 'Consultancy', 'Consultancy charge for Patient 5541', NULL, NULL, 10, NULL, 5541);
INSERT INTO Fall22_S004_13_ORDERS(O_ID, O_DATE, O_TYPE, O_DESCRIPTION, RID, MID, CID, TID, PA_ID)
VALUES (3068, '26-Jul-15', 'Consultancy', 'Consultancy charge for Patient 5542', NULL, NULL, 10, NULL, 5542);
INSERT INTO Fall22_S004_13_ORDERS(O_ID, O_DATE, O_TYPE, O_DESCRIPTION, RID, MID, CID, TID, PA_ID)
VALUES (3069, '26-Mar-10', 'Consultancy', 'Consultancy charge for Patient 5543', NULL, NULL, 10, NULL, 5543);
INSERT INTO Fall22_S004_13_ORDERS(O_ID, O_DATE, O_TYPE, O_DESCRIPTION, RID, MID, CID, TID, PA_ID)
VALUES (3070, '6-Oct-15', 'Consultancy', 'Consultancy charge for Patient 5544', NULL, NULL, 10, NULL, 5544);
INSERT INTO Fall22_S004_13_ORDERS(O_ID, O_DATE, O_TYPE, O_DESCRIPTION, RID, MID, CID, TID, PA_ID)
VALUES (3071, '27-Jul-21', 'Consultancy', 'Consultancy charge for Patient 5545', NULL, NULL, 10, NULL, 5545);
INSERT INTO Fall22_S004_13_ORDERS(O_ID, O_DATE, O_TYPE, O_DESCRIPTION, RID, MID, CID, TID, PA_ID)
VALUES (3072, '6-Nov-13', 'Consultancy', 'Consultancy charge for Patient 5546', NULL, NULL, 10, NULL, 5546);
INSERT INTO Fall22_S004_13_ORDERS(O_ID, O_DATE, O_TYPE, O_DESCRIPTION, RID, MID, CID, TID, PA_ID)
VALUES (3073, '23-Apr-20', 'Consultancy', 'Consultancy charge for Patient 5547', NULL, NULL, 10, NULL, 5547);
INSERT INTO Fall22_S004_13_ORDERS(O_ID, O_DATE, O_TYPE, O_DESCRIPTION, RID, MID, CID, TID, PA_ID)
VALUES (3074, '16-Sep-12', 'Consultancy', 'Consultancy charge for Patient 5548', NULL, NULL, 10, NULL, 5548);
INSERT INTO Fall22_S004_13_ORDERS(O_ID, O_DATE, O_TYPE, O_DESCRIPTION, RID, MID, CID, TID, PA_ID)
VALUES (3075, '24-Sep-11', 'Consultancy', 'Consultancy charge for Patient 5549', NULL, NULL, 10, NULL, 5549);
INSERT INTO Fall22_S004_13_ORDERS(O_ID, O_DATE, O_TYPE, O_DESCRIPTION, RID, MID, CID, TID, PA_ID)
VALUES (3076, '1-Mar-15', 'Consultancy', 'Consultancy charge for Patient 5550', NULL, NULL, 10, NULL, 5550);
INSERT INTO Fall22_S004_13_ORDERS(O_ID, O_DATE, O_TYPE, O_DESCRIPTION, RID, MID, CID, TID, PA_ID)
VALUES (3077, '24-Jul-17', 'Consultancy', 'Consultancy charge for Patient 5551', NULL, NULL, 10, NULL, 5551);
INSERT INTO Fall22_S004_13_ORDERS(O_ID, O_DATE, O_TYPE, O_DESCRIPTION, RID, MID, CID, TID, PA_ID)
VALUES (3078, '4-Jul-18', 'Consultancy', 'Consultancy charge for Patient 5552', NULL, NULL, 10, NULL, 5552);
INSERT INTO Fall22_S004_13_ORDERS(O_ID, O_DATE, O_TYPE, O_DESCRIPTION, RID, MID, CID, TID, PA_ID)
VALUES (3079, '30-Oct-20', 'Consultancy', 'Consultancy charge for Patient 5553', NULL, NULL, 10, NULL, 5553);
INSERT INTO Fall22_S004_13_ORDERS(O_ID, O_DATE, O_TYPE, O_DESCRIPTION, RID, MID, CID, TID, PA_ID)
VALUES (3080, '18-Feb-10', 'Consultancy', 'Consultancy charge for Patient 5554', NULL, NULL, 10, NULL, 5554);
INSERT INTO Fall22_S004_13_ORDERS(O_ID, O_DATE, O_TYPE, O_DESCRIPTION, RID, MID, CID, TID, PA_ID)
VALUES (3081, '4-Jul-13', 'Consultancy', 'Consultancy charge for Patient 5555', NULL, NULL, 10, NULL, 5555);
INSERT INTO Fall22_S004_13_ORDERS(O_ID, O_DATE, O_TYPE, O_DESCRIPTION, RID, MID, CID, TID, PA_ID)
VALUES (3082, '19-Mar-20', 'Consultancy', 'Consultancy charge for Patient 5556', NULL, NULL, 10, NULL, 5556);
INSERT INTO Fall22_S004_13_ORDERS(O_ID, O_DATE, O_TYPE, O_DESCRIPTION, RID, MID, CID, TID, PA_ID)
VALUES (3083, '9-May-16', 'Consultancy', 'Consultancy charge for Patient 5557', NULL, NULL, 10, NULL, 5557);
INSERT INTO Fall22_S004_13_ORDERS(O_ID, O_DATE, O_TYPE, O_DESCRIPTION, RID, MID, CID, TID, PA_ID)
VALUES (3084, '5-May-12', 'Consultancy', 'Consultancy charge for Patient 5558', NULL, NULL, 10, NULL, 5558);
INSERT INTO Fall22_S004_13_ORDERS(O_ID, O_DATE, O_TYPE, O_DESCRIPTION, RID, MID, CID, TID, PA_ID)
VALUES (3085, '10-Feb-22', 'Consultancy', 'Consultancy charge for Patient 5559', NULL, NULL, 10, NULL, 5559);
INSERT INTO Fall22_S004_13_ORDERS(O_ID, O_DATE, O_TYPE, O_DESCRIPTION, RID, MID, CID, TID, PA_ID)
VALUES (3086, '14-Nov-17', 'Consultancy', 'Consultancy charge for Patient 5560', NULL, NULL, 10, NULL, 5560);
INSERT INTO Fall22_S004_13_ORDERS(O_ID, O_DATE, O_TYPE, O_DESCRIPTION, RID, MID, CID, TID, PA_ID)
VALUES (3087, '9-Aug-21', 'Consultancy', 'Consultancy charge for Patient 5561', NULL, NULL, 10, NULL, 5561);
INSERT INTO Fall22_S004_13_ORDERS(O_ID, O_DATE, O_TYPE, O_DESCRIPTION, RID, MID, CID, TID, PA_ID)
VALUES (3088, '20-May-15', 'Consultancy', 'Consultancy charge for Patient 5562', NULL, NULL, 10, NULL, 5562);
INSERT INTO Fall22_S004_13_ORDERS(O_ID, O_DATE, O_TYPE, O_DESCRIPTION, RID, MID, CID, TID, PA_ID)
VALUES (3089, '19-Aug-20', 'Consultancy', 'Consultancy charge for Patient 5563', NULL, NULL, 10, NULL, 5563);
INSERT INTO Fall22_S004_13_ORDERS(O_ID, O_DATE, O_TYPE, O_DESCRIPTION, RID, MID, CID, TID, PA_ID)
VALUES (3090, '19-Jul-12', 'Consultancy', 'Consultancy charge for Patient 5564', NULL, NULL, 10, NULL, 5564);
INSERT INTO Fall22_S004_13_ORDERS(O_ID, O_DATE, O_TYPE, O_DESCRIPTION, RID, MID, CID, TID, PA_ID)
VALUES (3091, '21-Mar-18', 'Consultancy', 'Consultancy charge for Patient 5565', NULL, NULL, 10, NULL, 5565);
INSERT INTO Fall22_S004_13_ORDERS(O_ID, O_DATE, O_TYPE, O_DESCRIPTION, RID, MID, CID, TID, PA_ID)
VALUES (3092, '12-Feb-10', 'Consultancy', 'Consultancy charge for Patient 5566', NULL, NULL, 10, NULL, 5566);

INSERT INTO Fall22_S004_13_FINANCE(TID, F_TYPE, AMOUNT, EXP_INCOME, O_ID)
values(1301,'INSURANCE',2808,'INC',3001);
INSERT INTO Fall22_S004_13_FINANCE(TID, F_TYPE, AMOUNT, EXP_INCOME, O_ID)
values(1302,'INSURANCE',3124,'INC',3002);
INSERT INTO Fall22_S004_13_FINANCE(TID, F_TYPE, AMOUNT, EXP_INCOME, O_ID)
values(1303,'INSURANCE',150,'INC',3003);
INSERT INTO Fall22_S004_13_FINANCE(TID, F_TYPE, AMOUNT, EXP_INCOME, O_ID)
values(1304,'INSURANCE',2598,'INC',3004);
INSERT INTO Fall22_S004_13_FINANCE(TID, F_TYPE, AMOUNT, EXP_INCOME, O_ID)
values(1305,'INSURANCE',407,'INC',3005);
INSERT INTO Fall22_S004_13_FINANCE(TID, F_TYPE, AMOUNT, EXP_INCOME, O_ID)
values(1306,'INSURANCE',5952,'INC',3006);
INSERT INTO Fall22_S004_13_FINANCE(TID, F_TYPE, AMOUNT, EXP_INCOME, O_ID)
values(1307,'OUT OF POCKET',1113,'INC',3007);
INSERT INTO Fall22_S004_13_FINANCE(TID, F_TYPE, AMOUNT, EXP_INCOME, O_ID)
values(1308,'OUT OF POCKET',2866,'INC',3008);
INSERT INTO Fall22_S004_13_FINANCE(TID, F_TYPE, AMOUNT, EXP_INCOME, O_ID)
values(1309,'OUT OF POCKET',1323,'INC',3009);
INSERT INTO Fall22_S004_13_FINANCE(TID, F_TYPE, AMOUNT, EXP_INCOME, O_ID)
values(1310,'INSURANCE',2213,'INC',3010);
INSERT INTO Fall22_S004_13_FINANCE(TID, F_TYPE, AMOUNT, EXP_INCOME, O_ID)
values(1311,'INSURANCE',2354,'INC',3011);
INSERT INTO Fall22_S004_13_FINANCE(TID, F_TYPE, AMOUNT, EXP_INCOME, O_ID)
values(1312,'OUT OF POCKET',2131,'INC',3012);
INSERT INTO Fall22_S004_13_FINANCE(TID, F_TYPE, AMOUNT, EXP_INCOME, O_ID)
values(1313,'OUT OF POCKET',3862,'INC',3013);
INSERT INTO Fall22_S004_13_FINANCE(TID, F_TYPE, AMOUNT, EXP_INCOME, O_ID)
values(1314,'INSURANCE',612,'INC',3014);
INSERT INTO Fall22_S004_13_FINANCE(TID, F_TYPE, AMOUNT, EXP_INCOME, O_ID)
values(1315,'INSURANCE',5734,'INC',3015);
INSERT INTO Fall22_S004_13_FINANCE(TID, F_TYPE, AMOUNT, EXP_INCOME, O_ID)
values(1316,'INSURANCE',2626,'INC',3016);
INSERT INTO Fall22_S004_13_FINANCE(TID, F_TYPE, AMOUNT, EXP_INCOME, O_ID)
values(1317,'INSURANCE',4071,'INC',3017);
INSERT INTO Fall22_S004_13_FINANCE(TID, F_TYPE, AMOUNT, EXP_INCOME, O_ID)
values(1318,'OUT OF POCKET',1716,'INC',3018);
INSERT INTO Fall22_S004_13_FINANCE(TID, F_TYPE, AMOUNT, EXP_INCOME, O_ID)
values(1319,'OUT OF POCKET',2153,'INC',3019);
INSERT INTO Fall22_S004_13_FINANCE(TID, F_TYPE, AMOUNT, EXP_INCOME, O_ID)
values(1320,'OUT OF POCKET',3690,'INC',3020);
INSERT INTO Fall22_S004_13_FINANCE(TID, F_TYPE, AMOUNT, EXP_INCOME, O_ID)
values(1321,'INSURANCE',3957,'INC',3021);
INSERT INTO Fall22_S004_13_FINANCE(TID, F_TYPE, AMOUNT, EXP_INCOME, O_ID)
values(1322,'INSURANCE',2950,'INC',3022);
INSERT INTO Fall22_S004_13_FINANCE(TID, F_TYPE, AMOUNT, EXP_INCOME, O_ID)
values(1323,'OUT OF POCKET',2301,'INC',3023);
INSERT INTO Fall22_S004_13_FINANCE(TID, F_TYPE, AMOUNT, EXP_INCOME, O_ID)
values(1324,'OUT OF POCKET',3245,'INC',3024);
INSERT INTO Fall22_S004_13_FINANCE(TID, F_TYPE, AMOUNT, EXP_INCOME, O_ID)
values(1325,'INSURANCE',1758,'INC',3025);
INSERT INTO Fall22_S004_13_FINANCE(TID, F_TYPE, AMOUNT, EXP_INCOME, O_ID)
values(1326,'INSURANCE',3951,'INC',3026);
INSERT INTO Fall22_S004_13_FINANCE(TID, F_TYPE, AMOUNT, EXP_INCOME, O_ID)
values(1327,'INSURANCE',5338,'INC',3027);
INSERT INTO Fall22_S004_13_FINANCE(TID, F_TYPE, AMOUNT, EXP_INCOME, O_ID)
values(1328,'INSURANCE',5978,'INC',3028);
INSERT INTO Fall22_S004_13_FINANCE(TID, F_TYPE, AMOUNT, EXP_INCOME, O_ID)
values(1329,'OUT OF POCKET',4217,'INC',3029);
INSERT INTO Fall22_S004_13_FINANCE(TID, F_TYPE, AMOUNT, EXP_INCOME, O_ID)
values(1330,'OUT OF POCKET',812,'INC',3030);
INSERT INTO Fall22_S004_13_FINANCE(TID, F_TYPE, AMOUNT, EXP_INCOME, O_ID)
values(1331,'OUT OF POCKET',2558,'INC',3031);
INSERT INTO Fall22_S004_13_FINANCE(TID, F_TYPE, AMOUNT, EXP_INCOME, O_ID)
values(1332,'INSURANCE',3711,'INC',3032);
INSERT INTO Fall22_S004_13_FINANCE(TID, F_TYPE, AMOUNT, EXP_INCOME, O_ID)
values(1333,'INSURANCE',3872,'INC',3033);
INSERT INTO Fall22_S004_13_FINANCE(TID, F_TYPE, AMOUNT, EXP_INCOME, O_ID)
values(1334,'OUT OF POCKET',5982,'INC',3034);
INSERT INTO Fall22_S004_13_FINANCE(TID, F_TYPE, AMOUNT, EXP_INCOME, O_ID)
values(1335,'OUT OF POCKET',4367,'INC',3035);
INSERT INTO Fall22_S004_13_FINANCE(TID, F_TYPE, AMOUNT, EXP_INCOME, O_ID)
values(1336,'INSURANCE',5457,'INC',3036);
INSERT INTO Fall22_S004_13_FINANCE(TID, F_TYPE, AMOUNT, EXP_INCOME, O_ID)
values(1337,'INSURANCE',4540,'INC',3037);
INSERT INTO Fall22_S004_13_FINANCE(TID, F_TYPE, AMOUNT, EXP_INCOME, O_ID)
values(1338,'INSURANCE',5170,'INC',3038);
INSERT INTO Fall22_S004_13_FINANCE(TID, F_TYPE, AMOUNT, EXP_INCOME, O_ID)
values(1339,'INSURANCE',5640,'INC',3039);
INSERT INTO Fall22_S004_13_FINANCE(TID, F_TYPE, AMOUNT, EXP_INCOME, O_ID)
values(1340,'OUT OF POCKET',1365,'INC',3040);
INSERT INTO Fall22_S004_13_FINANCE(TID, F_TYPE, AMOUNT, EXP_INCOME, O_ID)
values(1341,'OUT OF POCKET',2877,'INC',3041);
INSERT INTO Fall22_S004_13_FINANCE(TID, F_TYPE, AMOUNT, EXP_INCOME, O_ID)
values(1342,'OUT OF POCKET',5372,'INC',3042);
INSERT INTO Fall22_S004_13_FINANCE(TID, F_TYPE, AMOUNT, EXP_INCOME, O_ID)
values(1343,'INSURANCE',941,'INC',3043);
INSERT INTO Fall22_S004_13_FINANCE(TID, F_TYPE, AMOUNT, EXP_INCOME, O_ID)
values(1344,'INSURANCE',5467,'INC',3044);
INSERT INTO Fall22_S004_13_FINANCE(TID, F_TYPE, AMOUNT, EXP_INCOME, O_ID)
values(1345,'OUT OF POCKET',5122,'INC',3045);
INSERT INTO Fall22_S004_13_FINANCE(TID, F_TYPE, AMOUNT, EXP_INCOME, O_ID)
values(1346,'OUT OF POCKET',323,'INC',3046);
INSERT INTO Fall22_S004_13_FINANCE(TID, F_TYPE, AMOUNT, EXP_INCOME, O_ID)
values(1347,'INSURANCE',3150,'INC',3047);
INSERT INTO Fall22_S004_13_FINANCE(TID, F_TYPE, AMOUNT, EXP_INCOME, O_ID)
values(1348,'INSURANCE',5116,'INC',3048);
INSERT INTO Fall22_S004_13_FINANCE(TID, F_TYPE, AMOUNT, EXP_INCOME, O_ID)
values(1349,'INSURANCE',1314,'INC',3049);
INSERT INTO Fall22_S004_13_FINANCE(TID, F_TYPE, AMOUNT, EXP_INCOME, O_ID)
values(1350,'INSURANCE',908,'INC',3050);
INSERT INTO Fall22_S004_13_FINANCE(TID, F_TYPE, AMOUNT, EXP_INCOME, O_ID)
values(1351,'OUT OF POCKET',4617,'INC',3051);
INSERT INTO Fall22_S004_13_FINANCE(TID, F_TYPE, AMOUNT, EXP_INCOME, O_ID)
values(1352,'OUT OF POCKET',604,'INC',3052);
INSERT INTO Fall22_S004_13_FINANCE(TID, F_TYPE, AMOUNT, EXP_INCOME, O_ID)
values(1353,'OUT OF POCKET',1205,'INC',3053);
INSERT INTO Fall22_S004_13_FINANCE(TID, F_TYPE, AMOUNT, EXP_INCOME, O_ID)
values(1354,'INSURANCE',2932,'INC',3054);
INSERT INTO Fall22_S004_13_FINANCE(TID, F_TYPE, AMOUNT, EXP_INCOME, O_ID)
values(1355,'INSURANCE',3351,'INC',3055);
INSERT INTO Fall22_S004_13_FINANCE(TID, F_TYPE, AMOUNT, EXP_INCOME, O_ID)
values(1356,'OUT OF POCKET',205,'INC',3056);
INSERT INTO Fall22_S004_13_FINANCE(TID, F_TYPE, AMOUNT, EXP_INCOME, O_ID)
values(1357,'OUT OF POCKET',1756,'INC',3057);
INSERT INTO Fall22_S004_13_FINANCE(TID, F_TYPE, AMOUNT, EXP_INCOME, O_ID)
values(1358,'INSURANCE',3217,'INC',3058);
INSERT INTO Fall22_S004_13_FINANCE(TID, F_TYPE, AMOUNT, EXP_INCOME, O_ID)
values(1359,'INSURANCE',1260,'INC',3059);
INSERT INTO Fall22_S004_13_FINANCE(TID, F_TYPE, AMOUNT, EXP_INCOME, O_ID)
values(1360,'INSURANCE',546,'INC',3060);
INSERT INTO Fall22_S004_13_FINANCE(TID, F_TYPE, AMOUNT, EXP_INCOME, O_ID)
values(1361,'INSURANCE',5416,'INC',3061);
INSERT INTO Fall22_S004_13_FINANCE(TID, F_TYPE, AMOUNT, EXP_INCOME, O_ID)
values(1362,'OUT OF POCKET',5302,'INC',3062);
INSERT INTO Fall22_S004_13_FINANCE(TID, F_TYPE, AMOUNT, EXP_INCOME, O_ID)
values(1363,'OUT OF POCKET',2126,'INC',3063);
INSERT INTO Fall22_S004_13_FINANCE(TID, F_TYPE, AMOUNT, EXP_INCOME, O_ID)
values(1364,'OUT OF POCKET',2436,'INC',3064);
INSERT INTO Fall22_S004_13_FINANCE(TID, F_TYPE, AMOUNT, EXP_INCOME, O_ID)
values(1365,'INSURANCE',5206,'INC',3065);
INSERT INTO Fall22_S004_13_FINANCE(TID, F_TYPE, AMOUNT, EXP_INCOME, O_ID)
values(1366,'INSURANCE',1527,'INC',3066);
INSERT INTO Fall22_S004_13_FINANCE(TID, F_TYPE, AMOUNT, EXP_INCOME, O_ID)
values(1367,'OUT OF POCKET',5109,'INC',3067);
INSERT INTO Fall22_S004_13_FINANCE(TID, F_TYPE, AMOUNT, EXP_INCOME, O_ID)
values(1368,'OUT OF POCKET',2442,'INC',3068);
INSERT INTO Fall22_S004_13_FINANCE(TID, F_TYPE, AMOUNT, EXP_INCOME, O_ID)
values(1369,'INSURANCE',5431,'INC',3069);
INSERT INTO Fall22_S004_13_FINANCE(TID, F_TYPE, AMOUNT, EXP_INCOME, O_ID)
values(1370,'INSURANCE',349,'INC',3070);
INSERT INTO Fall22_S004_13_FINANCE(TID, F_TYPE, AMOUNT, EXP_INCOME, O_ID)
values(1371,'INSURANCE',2269,'INC',3071);
INSERT INTO Fall22_S004_13_FINANCE(TID, F_TYPE, AMOUNT, EXP_INCOME, O_ID)
values(1372,'INSURANCE',1829,'INC',3072);
INSERT INTO Fall22_S004_13_FINANCE(TID, F_TYPE, AMOUNT, EXP_INCOME, O_ID)
values(1373,'OUT OF POCKET',1557,'INC',3073);
INSERT INTO Fall22_S004_13_FINANCE(TID, F_TYPE, AMOUNT, EXP_INCOME, O_ID)
values(1374,'OUT OF POCKET',5782,'INC',3074);
INSERT INTO Fall22_S004_13_FINANCE(TID, F_TYPE, AMOUNT, EXP_INCOME, O_ID)
values(1375,'OUT OF POCKET',1618,'INC',3075);
INSERT INTO Fall22_S004_13_FINANCE(TID, F_TYPE, AMOUNT, EXP_INCOME, O_ID)
values(1376,'INSURANCE',3104,'INC',3076);
INSERT INTO Fall22_S004_13_FINANCE(TID, F_TYPE, AMOUNT, EXP_INCOME, O_ID)
values(1377,'INSURANCE',580,'INC',3077);
INSERT INTO Fall22_S004_13_FINANCE(TID, F_TYPE, AMOUNT, EXP_INCOME, O_ID)
values(1378,'OUT OF POCKET',1205,'INC',3078);
INSERT INTO Fall22_S004_13_FINANCE(TID, F_TYPE, AMOUNT, EXP_INCOME, O_ID)
values(1379,'OUT OF POCKET',5591,'INC',3079);
INSERT INTO Fall22_S004_13_FINANCE(TID, F_TYPE, AMOUNT, EXP_INCOME, O_ID)
values(1380,'INSURANCE',3076,'INC',3080);
INSERT INTO Fall22_S004_13_FINANCE(TID, F_TYPE, AMOUNT, EXP_INCOME, O_ID)
values(1381,'INSURANCE',1203,'INC',3081);
INSERT INTO Fall22_S004_13_FINANCE(TID, F_TYPE, AMOUNT, EXP_INCOME, O_ID)
values(1382,'INSURANCE',1158,'INC',3082);
INSERT INTO Fall22_S004_13_FINANCE(TID, F_TYPE, AMOUNT, EXP_INCOME, O_ID)
values(1383,'INSURANCE',4191,'INC',3083);
INSERT INTO Fall22_S004_13_FINANCE(TID, F_TYPE, AMOUNT, EXP_INCOME, O_ID)
values(1384,'OUT OF POCKET',1101,'INC',3084);
INSERT INTO Fall22_S004_13_FINANCE(TID, F_TYPE, AMOUNT, EXP_INCOME, O_ID)
values(1385,'OUT OF POCKET',1563,'INC',3085);
INSERT INTO Fall22_S004_13_FINANCE(TID, F_TYPE, AMOUNT, EXP_INCOME, O_ID)
values(1386,'OUT OF POCKET',639,'INC',3086);
INSERT INTO Fall22_S004_13_FINANCE(TID, F_TYPE, AMOUNT, EXP_INCOME, O_ID)
values(1387,'INSURANCE',5340,'INC',3087);
INSERT INTO Fall22_S004_13_FINANCE(TID, F_TYPE, AMOUNT, EXP_INCOME, O_ID)
values(1388,'INSURANCE',5748,'INC',3088);
INSERT INTO Fall22_S004_13_FINANCE(TID, F_TYPE, AMOUNT, EXP_INCOME, O_ID)
values(1389,'OUT OF POCKET',899,'INC',3089);
INSERT INTO Fall22_S004_13_FINANCE(TID, F_TYPE, AMOUNT, EXP_INCOME, O_ID)
values(1390,'OUT OF POCKET',4573,'INC',3090);
INSERT INTO Fall22_S004_13_FINANCE(TID, F_TYPE, AMOUNT, EXP_INCOME, O_ID)
values(1391,'INSURANCE',864,'INC',3091);
INSERT INTO Fall22_S004_13_FINANCE(TID, F_TYPE, AMOUNT, EXP_INCOME, O_ID)
values(1392,'INSURANCE',4794,'INC',3092);

INSERT INTO Fall22_S004_13_FINANCE(TID, F_TYPE, AMOUNT, EXP_INCOME, O_ID)
values(1393,'SALARY',2027,'EXP',NULL);
INSERT INTO Fall22_S004_13_FINANCE(TID, F_TYPE, AMOUNT, EXP_INCOME, O_ID)
values(1394,'SALARY',9166,'EXP',NULL);
INSERT INTO Fall22_S004_13_FINANCE(TID, F_TYPE, AMOUNT, EXP_INCOME, O_ID)
values(1395,'SALARY',12869,'EXP',NULL);
INSERT INTO Fall22_S004_13_FINANCE(TID, F_TYPE, AMOUNT, EXP_INCOME, O_ID)
values(1396,'SALARY',1038,'EXP',NULL);
INSERT INTO Fall22_S004_13_FINANCE(TID, F_TYPE, AMOUNT, EXP_INCOME, O_ID)
values(1397,'SALARY',13965,'EXP',NULL);
INSERT INTO Fall22_S004_13_FINANCE(TID, F_TYPE, AMOUNT, EXP_INCOME, O_ID)
values(1398,'SALARY',3110,'EXP',NULL);
INSERT INTO Fall22_S004_13_FINANCE(TID, F_TYPE, AMOUNT, EXP_INCOME, O_ID)
values(1399,'SALARY',14860,'EXP',NULL);
INSERT INTO Fall22_S004_13_FINANCE(TID, F_TYPE, AMOUNT, EXP_INCOME, O_ID)
values(1400,'SALARY',1336,'EXP',NULL);
INSERT INTO Fall22_S004_13_FINANCE(TID, F_TYPE, AMOUNT, EXP_INCOME, O_ID)
values(1401,'SALARY',9981,'EXP',NULL);
INSERT INTO Fall22_S004_13_FINANCE(TID, F_TYPE, AMOUNT, EXP_INCOME, O_ID)
values(1402,'SALARY',2832,'EXP',NULL);
INSERT INTO Fall22_S004_13_FINANCE(TID, F_TYPE, AMOUNT, EXP_INCOME, O_ID)
values(1403,'SALARY',7462,'EXP',NULL);
INSERT INTO Fall22_S004_13_FINANCE(TID, F_TYPE, AMOUNT, EXP_INCOME, O_ID)
values(1404,'SALARY',4485,'EXP',NULL);
INSERT INTO Fall22_S004_13_FINANCE(TID, F_TYPE, AMOUNT, EXP_INCOME, O_ID)
values(1405,'SALARY',7916,'EXP',NULL);
INSERT INTO Fall22_S004_13_FINANCE(TID, F_TYPE, AMOUNT, EXP_INCOME, O_ID)
values(1406,'SALARY',10575,'EXP',NULL);
INSERT INTO Fall22_S004_13_FINANCE(TID, F_TYPE, AMOUNT, EXP_INCOME, O_ID)
values(1407,'SALARY',14549,'EXP',NULL);
INSERT INTO Fall22_S004_13_FINANCE(TID, F_TYPE, AMOUNT, EXP_INCOME, O_ID)
values(1408,'SALARY',12072,'EXP',NULL);
INSERT INTO Fall22_S004_13_FINANCE(TID, F_TYPE, AMOUNT, EXP_INCOME, O_ID)
values(1409,'SALARY',7185,'EXP',NULL);
INSERT INTO Fall22_S004_13_FINANCE(TID, F_TYPE, AMOUNT, EXP_INCOME, O_ID)
values(1410,'MAINTENANCE',2952,'EXP',NULL);
INSERT INTO Fall22_S004_13_FINANCE(TID, F_TYPE, AMOUNT, EXP_INCOME, O_ID)
values(1411,'MAINTENANCE',5290,'EXP',NULL);
INSERT INTO Fall22_S004_13_FINANCE(TID, F_TYPE, AMOUNT, EXP_INCOME, O_ID)
values(1412,'MAINTENANCE',13787,'EXP',NULL);
INSERT INTO Fall22_S004_13_FINANCE(TID, F_TYPE, AMOUNT, EXP_INCOME, O_ID)
values(1413,'SALARY',6762,'EXP',NULL);
INSERT INTO Fall22_S004_13_FINANCE(TID, F_TYPE, AMOUNT, EXP_INCOME, O_ID)
values(1414,'SALARY',8584,'EXP',NULL);
INSERT INTO Fall22_S004_13_FINANCE(TID, F_TYPE, AMOUNT, EXP_INCOME, O_ID)
values(1415,'MAINTENANCE',2364,'EXP',NULL);
INSERT INTO Fall22_S004_13_FINANCE(TID, F_TYPE, AMOUNT, EXP_INCOME, O_ID)
values(1416,'MAINTENANCE',11525,'EXP',NULL);
INSERT INTO Fall22_S004_13_FINANCE(TID, F_TYPE, AMOUNT, EXP_INCOME, O_ID)
values(1417,'SALARY',5941,'EXP',NULL);
INSERT INTO Fall22_S004_13_FINANCE(TID, F_TYPE, AMOUNT, EXP_INCOME, O_ID)
values(1418,'SALARY',14212,'EXP',NULL);
INSERT INTO Fall22_S004_13_FINANCE(TID, F_TYPE, AMOUNT, EXP_INCOME, O_ID)
values(1419,'SALARY',10287,'EXP',NULL);
INSERT INTO Fall22_S004_13_FINANCE(TID, F_TYPE, AMOUNT, EXP_INCOME, O_ID)
values(1420,'SALARY',5132,'EXP',NULL);
INSERT INTO Fall22_S004_13_FINANCE(TID, F_TYPE, AMOUNT, EXP_INCOME, O_ID)
values(1421,'MAINTENANCE',8430,'EXP',NULL);
INSERT INTO Fall22_S004_13_FINANCE(TID, F_TYPE, AMOUNT, EXP_INCOME, O_ID)
values(1422,'MAINTENANCE',11788,'EXP',NULL);
INSERT INTO Fall22_S004_13_FINANCE(TID, F_TYPE, AMOUNT, EXP_INCOME, O_ID)
values(1423,'MAINTENANCE',3680,'EXP',NULL);
INSERT INTO Fall22_S004_13_FINANCE(TID, F_TYPE, AMOUNT, EXP_INCOME, O_ID)
values(1424,'SALARY',12937,'EXP',NULL);
INSERT INTO Fall22_S004_13_FINANCE(TID, F_TYPE, AMOUNT, EXP_INCOME, O_ID)
values(1425,'SALARY',7698,'EXP',NULL);
INSERT INTO Fall22_S004_13_FINANCE(TID, F_TYPE, AMOUNT, EXP_INCOME, O_ID)
values(1426,'MAINTENANCE',3553,'EXP',NULL);
INSERT INTO Fall22_S004_13_FINANCE(TID, F_TYPE, AMOUNT, EXP_INCOME, O_ID)
values(1427,'MAINTENANCE',3662,'EXP',NULL);
INSERT INTO Fall22_S004_13_FINANCE(TID, F_TYPE, AMOUNT, EXP_INCOME, O_ID)
values(1428,'SALARY',9005,'EXP',NULL);
INSERT INTO Fall22_S004_13_FINANCE(TID, F_TYPE, AMOUNT, EXP_INCOME, O_ID)
values(1429,'SALARY',9380,'EXP',NULL);
INSERT INTO Fall22_S004_13_FINANCE(TID, F_TYPE, AMOUNT, EXP_INCOME, O_ID)
values(1430,'SALARY',6400,'EXP',NULL);
INSERT INTO Fall22_S004_13_FINANCE(TID, F_TYPE, AMOUNT, EXP_INCOME, O_ID)
values(1431,'SALARY',2667,'EXP',NULL);
INSERT INTO Fall22_S004_13_FINANCE(TID, F_TYPE, AMOUNT, EXP_INCOME, O_ID)
values(1432,'MAINTENANCE',1163,'EXP',NULL);
INSERT INTO Fall22_S004_13_FINANCE(TID, F_TYPE, AMOUNT, EXP_INCOME, O_ID)
values(1433,'UTTILITIES',7115,'EXP',NULL);
INSERT INTO Fall22_S004_13_FINANCE(TID, F_TYPE, AMOUNT, EXP_INCOME, O_ID)
values(1434,'UTTILITIES',9604,'EXP',NULL);
INSERT INTO Fall22_S004_13_FINANCE(TID, F_TYPE, AMOUNT, EXP_INCOME, O_ID)
values(1435,'SALARY',11600,'EXP',NULL);
INSERT INTO Fall22_S004_13_FINANCE(TID, F_TYPE, AMOUNT, EXP_INCOME, O_ID)
values(1436,'SALARY',9783,'EXP',NULL);
INSERT INTO Fall22_S004_13_FINANCE(TID, F_TYPE, AMOUNT, EXP_INCOME, O_ID)
values(1437,'UTTILITIES',13131,'EXP',NULL);
INSERT INTO Fall22_S004_13_FINANCE(TID, F_TYPE, AMOUNT, EXP_INCOME, O_ID)
values(1438,'UTTILITIES',6396,'EXP',NULL);
INSERT INTO Fall22_S004_13_FINANCE(TID, F_TYPE, AMOUNT, EXP_INCOME, O_ID)
values(1439,'SALARY',10853,'EXP',NULL);
INSERT INTO Fall22_S004_13_FINANCE(TID, F_TYPE, AMOUNT, EXP_INCOME, O_ID)
values(1440,'SALARY',2053,'EXP',NULL);
INSERT INTO Fall22_S004_13_FINANCE(TID, F_TYPE, AMOUNT, EXP_INCOME, O_ID)
values(1441,'SALARY',3963,'EXP',NULL);
INSERT INTO Fall22_S004_13_FINANCE(TID, F_TYPE, AMOUNT, EXP_INCOME, O_ID)
values(1442,'SALARY',2872,'EXP',NULL);
INSERT INTO Fall22_S004_13_FINANCE(TID, F_TYPE, AMOUNT, EXP_INCOME, O_ID)
values(1443,'UTTILITIES',3395,'EXP',NULL);
INSERT INTO Fall22_S004_13_FINANCE(TID, F_TYPE, AMOUNT, EXP_INCOME, O_ID)
values(1444,'UTTILITIES',15562,'EXP',NULL);
INSERT INTO Fall22_S004_13_FINANCE(TID, F_TYPE, AMOUNT, EXP_INCOME, O_ID)
values(1445,'UTTILITIES',2930,'EXP',NULL);
INSERT INTO Fall22_S004_13_FINANCE(TID, F_TYPE, AMOUNT, EXP_INCOME, O_ID)
values(1446,'SALARY',2621,'EXP',NULL);
INSERT INTO Fall22_S004_13_FINANCE(TID, F_TYPE, AMOUNT, EXP_INCOME, O_ID)
values(1447,'SALARY',7670,'EXP',NULL);
INSERT INTO Fall22_S004_13_FINANCE(TID, F_TYPE, AMOUNT, EXP_INCOME, O_ID)
values(1448,'UTTILITIES',2526,'EXP',NULL);
INSERT INTO Fall22_S004_13_FINANCE(TID, F_TYPE, AMOUNT, EXP_INCOME, O_ID)
values(1449,'UTTILITIES',14896,'EXP',NULL);
INSERT INTO Fall22_S004_13_FINANCE(TID, F_TYPE, AMOUNT, EXP_INCOME, O_ID)
values(1450,'SALARY',12701,'EXP',NULL);
INSERT INTO Fall22_S004_13_FINANCE(TID, F_TYPE, AMOUNT, EXP_INCOME, O_ID)
values(1451,'SALARY',1116,'EXP',NULL);
INSERT INTO Fall22_S004_13_FINANCE(TID, F_TYPE, AMOUNT, EXP_INCOME, O_ID)
values(1452,'SALARY',6312,'EXP',NULL);
INSERT INTO Fall22_S004_13_FINANCE(TID, F_TYPE, AMOUNT, EXP_INCOME, O_ID)
values(1453,'SALARY',13611,'EXP',NULL);
INSERT INTO Fall22_S004_13_FINANCE(TID, F_TYPE, AMOUNT, EXP_INCOME, O_ID)
values(1454,'UTTILITIES',5008,'EXP',NULL);
INSERT INTO Fall22_S004_13_FINANCE(TID, F_TYPE, AMOUNT, EXP_INCOME, O_ID)
values(1455,'UTTILITIES',2764,'EXP',NULL);
INSERT INTO Fall22_S004_13_FINANCE(TID, F_TYPE, AMOUNT, EXP_INCOME, O_ID)
values(1456,'UTTILITIES',9890,'EXP',NULL);
INSERT INTO Fall22_S004_13_FINANCE(TID, F_TYPE, AMOUNT, EXP_INCOME, O_ID)
values(1457,'SALARY',2183,'EXP',NULL);
INSERT INTO Fall22_S004_13_FINANCE(TID, F_TYPE, AMOUNT, EXP_INCOME, O_ID)
values(1458,'SALARY',6624,'EXP',NULL);
INSERT INTO Fall22_S004_13_FINANCE(TID, F_TYPE, AMOUNT, EXP_INCOME, O_ID)
values(1459,'UTTILITIES',3535,'EXP',NULL);
INSERT INTO Fall22_S004_13_FINANCE(TID, F_TYPE, AMOUNT, EXP_INCOME, O_ID)
values(1460,'UTTILITIES',15484,'EXP',NULL);
INSERT INTO Fall22_S004_13_FINANCE(TID, F_TYPE, AMOUNT, EXP_INCOME, O_ID)
values(1461,'SALARY',8095,'EXP',NULL);
INSERT INTO Fall22_S004_13_FINANCE(TID, F_TYPE, AMOUNT, EXP_INCOME, O_ID)
values(1462,'SALARY',13797,'EXP',NULL);
INSERT INTO Fall22_S004_13_FINANCE(TID, F_TYPE, AMOUNT, EXP_INCOME, O_ID)
values(1463,'SALARY',13637,'EXP',NULL);
INSERT INTO Fall22_S004_13_FINANCE(TID, F_TYPE, AMOUNT, EXP_INCOME, O_ID)
values(1464,'SALARY',11271,'EXP',NULL);
INSERT INTO Fall22_S004_13_FINANCE(TID, F_TYPE, AMOUNT, EXP_INCOME, O_ID)
values(1465,'UTTILITIES',8257,'EXP',NULL);
INSERT INTO Fall22_S004_13_FINANCE(TID, F_TYPE, AMOUNT, EXP_INCOME, O_ID)
values(1466,'UTTILITIES',4448,'EXP',NULL);
INSERT INTO Fall22_S004_13_FINANCE(TID, F_TYPE, AMOUNT, EXP_INCOME, O_ID)
values(1467,'UTTILITIES',15128,'EXP',NULL);
INSERT INTO Fall22_S004_13_FINANCE(TID, F_TYPE, AMOUNT, EXP_INCOME, O_ID)
values(1468,'SALARY',8444,'EXP',NULL);
INSERT INTO Fall22_S004_13_FINANCE(TID, F_TYPE, AMOUNT, EXP_INCOME, O_ID)
values(1469,'SALARY',15025,'EXP',NULL);
INSERT INTO Fall22_S004_13_FINANCE(TID, F_TYPE, AMOUNT, EXP_INCOME, O_ID)
values(1470,'UTTILITIES',8337,'EXP',NULL);
INSERT INTO Fall22_S004_13_FINANCE(TID, F_TYPE, AMOUNT, EXP_INCOME, O_ID)
values(1471,'UTTILITIES',14937,'EXP',NULL);
INSERT INTO Fall22_S004_13_FINANCE(TID, F_TYPE, AMOUNT, EXP_INCOME, O_ID)
values(1472,'SALARY',12115,'EXP',NULL);
INSERT INTO Fall22_S004_13_FINANCE(TID, F_TYPE, AMOUNT, EXP_INCOME, O_ID)
values(1473,'SALARY',5336,'EXP',NULL);
INSERT INTO Fall22_S004_13_FINANCE(TID, F_TYPE, AMOUNT, EXP_INCOME, O_ID)
values(1474,'SALARY',7951,'EXP',NULL);
INSERT INTO Fall22_S004_13_FINANCE(TID, F_TYPE, AMOUNT, EXP_INCOME, O_ID)
values(1475,'SALARY',4494,'EXP',NULL);
INSERT INTO Fall22_S004_13_FINANCE(TID, F_TYPE, AMOUNT, EXP_INCOME, O_ID)
values(1476,'UTTILITIES',14726,'EXP',NULL);
INSERT INTO Fall22_S004_13_FINANCE(TID, F_TYPE, AMOUNT, EXP_INCOME, O_ID)
values(1477,'UTTILITIES',9944,'EXP',NULL);
INSERT INTO Fall22_S004_13_FINANCE(TID, F_TYPE, AMOUNT, EXP_INCOME, O_ID)
values(1478,'UTTILITIES',7309,'EXP',NULL);
INSERT INTO Fall22_S004_13_FINANCE(TID, F_TYPE, AMOUNT, EXP_INCOME, O_ID)
values(1479,'SALARY',9326,'EXP',NULL);
INSERT INTO Fall22_S004_13_FINANCE(TID, F_TYPE, AMOUNT, EXP_INCOME, O_ID)
values(1480,'SALARY',15969,'EXP',NULL);
INSERT INTO Fall22_S004_13_FINANCE(TID, F_TYPE, AMOUNT, EXP_INCOME, O_ID)
values(1481,'UTTILITIES',3474,'EXP',NULL);
INSERT INTO Fall22_S004_13_FINANCE(TID, F_TYPE, AMOUNT, EXP_INCOME, O_ID)
values(1482,'UTTILITIES',3263,'EXP',NULL);
INSERT INTO Fall22_S004_13_FINANCE(TID, F_TYPE, AMOUNT, EXP_INCOME, O_ID)
values(1483,'SALARY',2869,'EXP',NULL);
INSERT INTO Fall22_S004_13_FINANCE(TID, F_TYPE, AMOUNT, EXP_INCOME, O_ID)
values(1484,'SALARY',14781,'EXP',NULL);


UPDATE Fall22_S004_13_ORDERS
SET TID =1301
WHERE O_ID =3001;
UPDATE Fall22_S004_13_ORDERS
SET TID =1302
WHERE O_ID =3002;
UPDATE Fall22_S004_13_ORDERS
SET TID =1303
WHERE O_ID =3003;
UPDATE Fall22_S004_13_ORDERS
SET TID =1304
WHERE O_ID =3004;
UPDATE Fall22_S004_13_ORDERS
SET TID =1305
WHERE O_ID =3005;
UPDATE Fall22_S004_13_ORDERS
SET TID =1306
WHERE O_ID =3006;
UPDATE Fall22_S004_13_ORDERS
SET TID =1307
WHERE O_ID =3007;
UPDATE Fall22_S004_13_ORDERS
SET TID =1308
WHERE O_ID =3008;
UPDATE Fall22_S004_13_ORDERS
SET TID =1309
WHERE O_ID =3009;
UPDATE Fall22_S004_13_ORDERS
SET TID =1310
WHERE O_ID =3010;
UPDATE Fall22_S004_13_ORDERS
SET TID =1311
WHERE O_ID =3011;
UPDATE Fall22_S004_13_ORDERS
SET TID =1312
WHERE O_ID =3012;
UPDATE Fall22_S004_13_ORDERS
SET TID =1313
WHERE O_ID =3013;
UPDATE Fall22_S004_13_ORDERS
SET TID =1314
WHERE O_ID =3014;
UPDATE Fall22_S004_13_ORDERS
SET TID =1315
WHERE O_ID =3015;
UPDATE Fall22_S004_13_ORDERS
SET TID =1316
WHERE O_ID =3016;
UPDATE Fall22_S004_13_ORDERS
SET TID =1317
WHERE O_ID =3017;
UPDATE Fall22_S004_13_ORDERS
SET TID =1318
WHERE O_ID =3018;
UPDATE Fall22_S004_13_ORDERS
SET TID =1319
WHERE O_ID =3019;
UPDATE Fall22_S004_13_ORDERS
SET TID =1320
WHERE O_ID =3020;
UPDATE Fall22_S004_13_ORDERS
SET TID =1321
WHERE O_ID =3021;
UPDATE Fall22_S004_13_ORDERS
SET TID =1322
WHERE O_ID =3022;
UPDATE Fall22_S004_13_ORDERS
SET TID =1323
WHERE O_ID =3023;
UPDATE Fall22_S004_13_ORDERS
SET TID =1324
WHERE O_ID =3024;
UPDATE Fall22_S004_13_ORDERS
SET TID =1325
WHERE O_ID =3025;
UPDATE Fall22_S004_13_ORDERS
SET TID =1326
WHERE O_ID =3026;
UPDATE Fall22_S004_13_ORDERS
SET TID =1327
WHERE O_ID =3027;
UPDATE Fall22_S004_13_ORDERS
SET TID =1328
WHERE O_ID =3028;
UPDATE Fall22_S004_13_ORDERS
SET TID =1329
WHERE O_ID =3029;
UPDATE Fall22_S004_13_ORDERS
SET TID =1330
WHERE O_ID =3030;
UPDATE Fall22_S004_13_ORDERS
SET TID =1331
WHERE O_ID =3031;
UPDATE Fall22_S004_13_ORDERS
SET TID =1332
WHERE O_ID =3032;
UPDATE Fall22_S004_13_ORDERS
SET TID =1333
WHERE O_ID =3033;
UPDATE Fall22_S004_13_ORDERS
SET TID =1334
WHERE O_ID =3034;
UPDATE Fall22_S004_13_ORDERS
SET TID =1335
WHERE O_ID =3035;
UPDATE Fall22_S004_13_ORDERS
SET TID =1336
WHERE O_ID =3036;
UPDATE Fall22_S004_13_ORDERS
SET TID =1337
WHERE O_ID =3037;
UPDATE Fall22_S004_13_ORDERS
SET TID =1338
WHERE O_ID =3038;
UPDATE Fall22_S004_13_ORDERS
SET TID =1339
WHERE O_ID =3039;
UPDATE Fall22_S004_13_ORDERS
SET TID =1340
WHERE O_ID =3040;
UPDATE Fall22_S004_13_ORDERS
SET TID =1341
WHERE O_ID =3041;
UPDATE Fall22_S004_13_ORDERS
SET TID =1342
WHERE O_ID =3042;
UPDATE Fall22_S004_13_ORDERS
SET TID =1343
WHERE O_ID =3043;
UPDATE Fall22_S004_13_ORDERS
SET TID =1344
WHERE O_ID =3044;
UPDATE Fall22_S004_13_ORDERS
SET TID =1345
WHERE O_ID =3045;
UPDATE Fall22_S004_13_ORDERS
SET TID =1346
WHERE O_ID =3046;
UPDATE Fall22_S004_13_ORDERS
SET TID =1347
WHERE O_ID =3047;
UPDATE Fall22_S004_13_ORDERS
SET TID =1348
WHERE O_ID =3048;
UPDATE Fall22_S004_13_ORDERS
SET TID =1349
WHERE O_ID =3049;
UPDATE Fall22_S004_13_ORDERS
SET TID =1350
WHERE O_ID =3050;
UPDATE Fall22_S004_13_ORDERS
SET TID =1351
WHERE O_ID =3051;
UPDATE Fall22_S004_13_ORDERS
SET TID =1352
WHERE O_ID =3052;
UPDATE Fall22_S004_13_ORDERS
SET TID =1353
WHERE O_ID =3053;
UPDATE Fall22_S004_13_ORDERS
SET TID =1354
WHERE O_ID =3054;
UPDATE Fall22_S004_13_ORDERS
SET TID =1355
WHERE O_ID =3055;
UPDATE Fall22_S004_13_ORDERS
SET TID =1356
WHERE O_ID =3056;
UPDATE Fall22_S004_13_ORDERS
SET TID =1357
WHERE O_ID =3057;
UPDATE Fall22_S004_13_ORDERS
SET TID =1358
WHERE O_ID =3058;
UPDATE Fall22_S004_13_ORDERS
SET TID =1359
WHERE O_ID =3059;
UPDATE Fall22_S004_13_ORDERS
SET TID =1360
WHERE O_ID =3060;
UPDATE Fall22_S004_13_ORDERS
SET TID =1361
WHERE O_ID =3061;
UPDATE Fall22_S004_13_ORDERS
SET TID =1362
WHERE O_ID =3062;
UPDATE Fall22_S004_13_ORDERS
SET TID =1363
WHERE O_ID =3063;
UPDATE Fall22_S004_13_ORDERS
SET TID =1364
WHERE O_ID =3064;
UPDATE Fall22_S004_13_ORDERS
SET TID =1365
WHERE O_ID =3065;
UPDATE Fall22_S004_13_ORDERS
SET TID =1366
WHERE O_ID =3066;
UPDATE Fall22_S004_13_ORDERS
SET TID =1367
WHERE O_ID =3067;
UPDATE Fall22_S004_13_ORDERS
SET TID =1368
WHERE O_ID =3068;
UPDATE Fall22_S004_13_ORDERS
SET TID =1369
WHERE O_ID =3069;
UPDATE Fall22_S004_13_ORDERS
SET TID =1370
WHERE O_ID =3070;
UPDATE Fall22_S004_13_ORDERS
SET TID =1371
WHERE O_ID =3071;
UPDATE Fall22_S004_13_ORDERS
SET TID =1372
WHERE O_ID =3072;
UPDATE Fall22_S004_13_ORDERS
SET TID =1373
WHERE O_ID =3073;
UPDATE Fall22_S004_13_ORDERS
SET TID =1374
WHERE O_ID =3074;
UPDATE Fall22_S004_13_ORDERS
SET TID =1375
WHERE O_ID =3075;
UPDATE Fall22_S004_13_ORDERS
SET TID =1376
WHERE O_ID =3076;
UPDATE Fall22_S004_13_ORDERS
SET TID =1377
WHERE O_ID =3077;
UPDATE Fall22_S004_13_ORDERS
SET TID =1378
WHERE O_ID =3078;
UPDATE Fall22_S004_13_ORDERS
SET TID =1379
WHERE O_ID =3079;
UPDATE Fall22_S004_13_ORDERS
SET TID =1380
WHERE O_ID =3080;
UPDATE Fall22_S004_13_ORDERS
SET TID =1381
WHERE O_ID =3081;
UPDATE Fall22_S004_13_ORDERS
SET TID =1382
WHERE O_ID =3082;
UPDATE Fall22_S004_13_ORDERS
SET TID =1383
WHERE O_ID =3083;
UPDATE Fall22_S004_13_ORDERS
SET TID =1384
WHERE O_ID =3084;
UPDATE Fall22_S004_13_ORDERS
SET TID =1385
WHERE O_ID =3085;
UPDATE Fall22_S004_13_ORDERS
SET TID =1386
WHERE O_ID =3086;
UPDATE Fall22_S004_13_ORDERS
SET TID =1387
WHERE O_ID =3087;
UPDATE Fall22_S004_13_ORDERS
SET TID =1388
WHERE O_ID =3088;
UPDATE Fall22_S004_13_ORDERS
SET TID =1389
WHERE O_ID =3089;
UPDATE Fall22_S004_13_ORDERS
SET TID =1390
WHERE O_ID =3090;
UPDATE Fall22_S004_13_ORDERS
SET TID =1391
WHERE O_ID =3091;
UPDATE Fall22_S004_13_ORDERS
SET TID =1392
WHERE O_ID =3092;



















INSERT INTO Fall22_S004_13_PERSON_PHNO (PID, PH_NO)
VALUES(13101,3179390870);
INSERT INTO Fall22_S004_13_PERSON_PHNO (PID, PH_NO)
VALUES(13102,3713108036);
INSERT INTO Fall22_S004_13_PERSON_PHNO (PID, PH_NO)
VALUES(13103,5194882620);
INSERT INTO Fall22_S004_13_PERSON_PHNO (PID, PH_NO)
VALUES(13104,7163180098);
INSERT INTO Fall22_S004_13_PERSON_PHNO (PID, PH_NO)
VALUES(13105,9472824668);
INSERT INTO Fall22_S004_13_PERSON_PHNO (PID, PH_NO)
VALUES(13106,3178934571);
INSERT INTO Fall22_S004_13_PERSON_PHNO (PID, PH_NO)
VALUES(13107,4126704406);
INSERT INTO Fall22_S004_13_PERSON_PHNO (PID, PH_NO)
VALUES(13108,8908992138);
INSERT INTO Fall22_S004_13_PERSON_PHNO (PID, PH_NO)
VALUES(13109,8701765509);
INSERT INTO Fall22_S004_13_PERSON_PHNO (PID, PH_NO)
VALUES(13110,7233259761);
INSERT INTO Fall22_S004_13_PERSON_PHNO (PID, PH_NO)
VALUES(13111,5435414379);
INSERT INTO Fall22_S004_13_PERSON_PHNO (PID, PH_NO)
VALUES(13112,6671947113);
INSERT INTO Fall22_S004_13_PERSON_PHNO (PID, PH_NO)
VALUES(13113,7883352229);
INSERT INTO Fall22_S004_13_PERSON_PHNO (PID, PH_NO)
VALUES(13114,6819021147);
INSERT INTO Fall22_S004_13_PERSON_PHNO (PID, PH_NO)
VALUES(13115,8521599325);
INSERT INTO Fall22_S004_13_PERSON_PHNO (PID, PH_NO)
VALUES(13116,7525932086);
INSERT INTO Fall22_S004_13_PERSON_PHNO (PID, PH_NO)
VALUES(13117,6449412924);
INSERT INTO Fall22_S004_13_PERSON_PHNO (PID, PH_NO)
VALUES(13118,5542653369);
INSERT INTO Fall22_S004_13_PERSON_PHNO (PID, PH_NO)
VALUES(13119,6003633678);
INSERT INTO Fall22_S004_13_PERSON_PHNO (PID, PH_NO)
VALUES(13120,1499471331);
INSERT INTO Fall22_S004_13_PERSON_PHNO (PID, PH_NO)
VALUES(13121,1356105104);
INSERT INTO Fall22_S004_13_PERSON_PHNO (PID, PH_NO)
VALUES(13122,9322199849);
INSERT INTO Fall22_S004_13_PERSON_PHNO (PID, PH_NO)
VALUES(13123,1544390997);
INSERT INTO Fall22_S004_13_PERSON_PHNO (PID, PH_NO)
VALUES(13124,4927586747);
INSERT INTO Fall22_S004_13_PERSON_PHNO (PID, PH_NO)
VALUES(13125,5114510068);
INSERT INTO Fall22_S004_13_PERSON_PHNO (PID, PH_NO)
VALUES(13126,1463680147);
INSERT INTO Fall22_S004_13_PERSON_PHNO (PID, PH_NO)
VALUES(13127,2996183962);
INSERT INTO Fall22_S004_13_PERSON_PHNO (PID, PH_NO)
VALUES(13128,7408165785);
INSERT INTO Fall22_S004_13_PERSON_PHNO (PID, PH_NO)
VALUES(13129,7832856853);
INSERT INTO Fall22_S004_13_PERSON_PHNO (PID, PH_NO)
VALUES(13130,1557960572);
INSERT INTO Fall22_S004_13_PERSON_PHNO (PID, PH_NO)
VALUES(13131,7835514931);
INSERT INTO Fall22_S004_13_PERSON_PHNO (PID, PH_NO)
VALUES(13132,6098997793);
INSERT INTO Fall22_S004_13_PERSON_PHNO (PID, PH_NO)
VALUES(13133,3575107612);
INSERT INTO Fall22_S004_13_PERSON_PHNO (PID, PH_NO)
VALUES(13134,3172703206);
INSERT INTO Fall22_S004_13_PERSON_PHNO (PID, PH_NO)
VALUES(13135,4453772966);
INSERT INTO Fall22_S004_13_PERSON_PHNO (PID, PH_NO)
VALUES(13136,6679672801);
INSERT INTO Fall22_S004_13_PERSON_PHNO (PID, PH_NO)
VALUES(13137,9809674462);
INSERT INTO Fall22_S004_13_PERSON_PHNO (PID, PH_NO)
VALUES(13138,6919582270);
INSERT INTO Fall22_S004_13_PERSON_PHNO (PID, PH_NO)
VALUES(13139,9729958074);
INSERT INTO Fall22_S004_13_PERSON_PHNO (PID, PH_NO)
VALUES(13140,2517044002);
INSERT INTO Fall22_S004_13_PERSON_PHNO (PID, PH_NO)
VALUES(13141,2539457042);
INSERT INTO Fall22_S004_13_PERSON_PHNO (PID, PH_NO)
VALUES(13142,2674488330);
INSERT INTO Fall22_S004_13_PERSON_PHNO (PID, PH_NO)
VALUES(13143,4393069134);
INSERT INTO Fall22_S004_13_PERSON_PHNO (PID, PH_NO)
VALUES(13144,4993814780);
INSERT INTO Fall22_S004_13_PERSON_PHNO (PID, PH_NO)
VALUES(13145,4664255500);
INSERT INTO Fall22_S004_13_PERSON_PHNO (PID, PH_NO)
VALUES(13146,2104386423);
INSERT INTO Fall22_S004_13_PERSON_PHNO (PID, PH_NO)
VALUES(13147,1577373425);
INSERT INTO Fall22_S004_13_PERSON_PHNO (PID, PH_NO)
VALUES(13148,3019990574);
INSERT INTO Fall22_S004_13_PERSON_PHNO (PID, PH_NO)
VALUES(13149,4347359364);
INSERT INTO Fall22_S004_13_PERSON_PHNO (PID, PH_NO)
VALUES(13150,5808959299);
INSERT INTO Fall22_S004_13_PERSON_PHNO (PID, PH_NO)
VALUES(13151,2781906395);
INSERT INTO Fall22_S004_13_PERSON_PHNO (PID, PH_NO)
VALUES(13152,8279120408);
INSERT INTO Fall22_S004_13_PERSON_PHNO (PID, PH_NO)
VALUES(13153,6688740120);
INSERT INTO Fall22_S004_13_PERSON_PHNO (PID, PH_NO)
VALUES(13154,1975239091);
INSERT INTO Fall22_S004_13_PERSON_PHNO (PID, PH_NO)
VALUES(13155,4401124446);
INSERT INTO Fall22_S004_13_PERSON_PHNO (PID, PH_NO)
VALUES(13156,4361926374);
INSERT INTO Fall22_S004_13_PERSON_PHNO (PID, PH_NO)
VALUES(13157,7731434168);
INSERT INTO Fall22_S004_13_PERSON_PHNO (PID, PH_NO)
VALUES(13158,7115295593);
INSERT INTO Fall22_S004_13_PERSON_PHNO (PID, PH_NO)
VALUES(13159,9571670353);
INSERT INTO Fall22_S004_13_PERSON_PHNO (PID, PH_NO)
VALUES(13160,6319116450);
INSERT INTO Fall22_S004_13_PERSON_PHNO (PID, PH_NO)
VALUES(13161,6756840779);
INSERT INTO Fall22_S004_13_PERSON_PHNO (PID, PH_NO)
VALUES(13162,6197618642);
INSERT INTO Fall22_S004_13_PERSON_PHNO (PID, PH_NO)
VALUES(13163,2139339043);
INSERT INTO Fall22_S004_13_PERSON_PHNO (PID, PH_NO)
VALUES(13164,1517767874);
INSERT INTO Fall22_S004_13_PERSON_PHNO (PID, PH_NO)
VALUES(13165,3959327386);
INSERT INTO Fall22_S004_13_PERSON_PHNO (PID, PH_NO)
VALUES(13166,5007435559);
INSERT INTO Fall22_S004_13_PERSON_PHNO (PID, PH_NO)
VALUES(13167,2874229819);
INSERT INTO Fall22_S004_13_PERSON_PHNO (PID, PH_NO)
VALUES(13168,7761442546);
INSERT INTO Fall22_S004_13_PERSON_PHNO (PID, PH_NO)
VALUES(13169,7576194347);
INSERT INTO Fall22_S004_13_PERSON_PHNO (PID, PH_NO)
VALUES(13170,7935668143);
INSERT INTO Fall22_S004_13_PERSON_PHNO (PID, PH_NO)
VALUES(13171,2125173966);
INSERT INTO Fall22_S004_13_PERSON_PHNO (PID, PH_NO)
VALUES(13172,9618104523);
INSERT INTO Fall22_S004_13_PERSON_PHNO (PID, PH_NO)
VALUES(13173,2443795496);
INSERT INTO Fall22_S004_13_PERSON_PHNO (PID, PH_NO)
VALUES(13174,6238469896);
INSERT INTO Fall22_S004_13_PERSON_PHNO (PID, PH_NO)
VALUES(13175,6625870944);
INSERT INTO Fall22_S004_13_PERSON_PHNO (PID, PH_NO)
VALUES(13176,7923019655);
INSERT INTO Fall22_S004_13_PERSON_PHNO (PID, PH_NO)
VALUES(13177,7991210642);
INSERT INTO Fall22_S004_13_PERSON_PHNO (PID, PH_NO)
VALUES(13178,9883419521);
INSERT INTO Fall22_S004_13_PERSON_PHNO (PID, PH_NO)
VALUES(13179,4525988585);
INSERT INTO Fall22_S004_13_PERSON_PHNO (PID, PH_NO)
VALUES(13180,7511916895);
INSERT INTO Fall22_S004_13_PERSON_PHNO (PID, PH_NO)
VALUES(13181,3654680820);
INSERT INTO Fall22_S004_13_PERSON_PHNO (PID, PH_NO)
VALUES(13182,5946345291);
INSERT INTO Fall22_S004_13_PERSON_PHNO (PID, PH_NO)
VALUES(13183,9246782646);
INSERT INTO Fall22_S004_13_PERSON_PHNO (PID, PH_NO)
VALUES(13184,5229305370);
INSERT INTO Fall22_S004_13_PERSON_PHNO (PID, PH_NO)
VALUES(13185,2697639969);
INSERT INTO Fall22_S004_13_PERSON_PHNO (PID, PH_NO)
VALUES(13186,7754374150);
INSERT INTO Fall22_S004_13_PERSON_PHNO (PID, PH_NO)
VALUES(13187,1047208177);
INSERT INTO Fall22_S004_13_PERSON_PHNO (PID, PH_NO)
VALUES(13188,1976053608);
INSERT INTO Fall22_S004_13_PERSON_PHNO (PID, PH_NO)
VALUES(13189,2783745711);
INSERT INTO Fall22_S004_13_PERSON_PHNO (PID, PH_NO)
VALUES(13190,3158070034);
INSERT INTO Fall22_S004_13_PERSON_PHNO (PID, PH_NO)
VALUES(13191,5367422376);
INSERT INTO Fall22_S004_13_PERSON_PHNO (PID, PH_NO)
VALUES(13192,2658182764);
INSERT INTO Fall22_S004_13_PERSON_PHNO (PID, PH_NO)
VALUES(13193,4001985517);
INSERT INTO Fall22_S004_13_PERSON_PHNO (PID, PH_NO)
VALUES(13194,4549085009);
INSERT INTO Fall22_S004_13_PERSON_PHNO (PID, PH_NO)
VALUES(13195,1755815234);
INSERT INTO Fall22_S004_13_PERSON_PHNO (PID, PH_NO)
VALUES(13196,3172697537);
INSERT INTO Fall22_S004_13_PERSON_PHNO (PID, PH_NO)
VALUES(13197,5554219338);
INSERT INTO Fall22_S004_13_PERSON_PHNO (PID, PH_NO)
VALUES(13198,7321035757);
INSERT INTO Fall22_S004_13_PERSON_PHNO (PID, PH_NO)
VALUES(13199,6793580685);
INSERT INTO Fall22_S004_13_PERSON_PHNO (PID, PH_NO)
VALUES(13200,7873798089);
INSERT INTO Fall22_S004_13_PERSON_PHNO (PID, PH_NO)
VALUES(13113,3467482346);
INSERT INTO Fall22_S004_13_PERSON_PHNO (PID, PH_NO)
VALUES(13114,7227117031);
INSERT INTO Fall22_S004_13_PERSON_PHNO (PID, PH_NO)
VALUES(13115,1792367595);
INSERT INTO Fall22_S004_13_PERSON_PHNO (PID, PH_NO)
VALUES(13116,4273902688);
INSERT INTO Fall22_S004_13_PERSON_PHNO (PID, PH_NO)
VALUES(13117,9218958256);
INSERT INTO Fall22_S004_13_PERSON_PHNO (PID, PH_NO)
VALUES(13118,2086373951);
INSERT INTO Fall22_S004_13_PERSON_PHNO (PID, PH_NO)
VALUES(13119,9555170849);
INSERT INTO Fall22_S004_13_PERSON_PHNO (PID, PH_NO)
VALUES(13120,8081593562);
INSERT INTO Fall22_S004_13_PERSON_PHNO (PID, PH_NO)
VALUES(13121,2845501784);
INSERT INTO Fall22_S004_13_PERSON_PHNO (PID, PH_NO)
VALUES(13122,8683273864);
INSERT INTO Fall22_S004_13_PERSON_PHNO (PID, PH_NO)
VALUES(13123,4299617266);
INSERT INTO Fall22_S004_13_PERSON_PHNO (PID, PH_NO)
VALUES(13126,3518118197);
INSERT INTO Fall22_S004_13_PERSON_PHNO (PID, PH_NO)
VALUES(13127,4439950412);
INSERT INTO Fall22_S004_13_PERSON_PHNO (PID, PH_NO)
VALUES(13128,2331134909);
INSERT INTO Fall22_S004_13_PERSON_PHNO (PID, PH_NO)
VALUES(13129,3714257115);
INSERT INTO Fall22_S004_13_PERSON_PHNO (PID, PH_NO)
VALUES(13130,4662535791);
INSERT INTO Fall22_S004_13_PERSON_PHNO (PID, PH_NO)
VALUES(13131,7484587938);
INSERT INTO Fall22_S004_13_PERSON_PHNO (PID, PH_NO)
VALUES(13132,3955409523);
INSERT INTO Fall22_S004_13_PERSON_PHNO (PID, PH_NO)
VALUES(13133,7676626330);
INSERT INTO Fall22_S004_13_PERSON_PHNO (PID, PH_NO)
VALUES(13134,6684376280);
INSERT INTO Fall22_S004_13_PERSON_PHNO (PID, PH_NO)
VALUES(13135,2776389325);
INSERT INTO Fall22_S004_13_PERSON_PHNO (PID, PH_NO)
VALUES(13136,4167970554);
INSERT INTO Fall22_S004_13_PERSON_PHNO (PID, PH_NO)
VALUES(13101,5014864641);
INSERT INTO Fall22_S004_13_PERSON_PHNO (PID, PH_NO)
VALUES(13102,7244944763);
INSERT INTO Fall22_S004_13_PERSON_PHNO (PID, PH_NO)
VALUES(13104,2207694616);
INSERT INTO Fall22_S004_13_PERSON_PHNO (PID, PH_NO)
VALUES(13106,2654339809);
INSERT INTO Fall22_S004_13_PERSON_PHNO (PID, PH_NO)
VALUES(13107,7538637791);
INSERT INTO Fall22_S004_13_PERSON_PHNO (PID, PH_NO)
VALUES(13108,8014330818);
INSERT INTO Fall22_S004_13_PERSON_PHNO (PID, PH_NO)
VALUES(13112,9931387097);
INSERT INTO Fall22_S004_13_PERSON_PHNO (PID, PH_NO)
VALUES(13112,5795098861);
INSERT INTO Fall22_S004_13_PERSON_PHNO (PID, PH_NO)
VALUES(13114,8788133054);
INSERT INTO Fall22_S004_13_PERSON_PHNO (PID, PH_NO)
VALUES(13116,1931908471);
INSERT INTO Fall22_S004_13_PERSON_PHNO (PID, PH_NO)
VALUES(13117,5404461438);
INSERT INTO Fall22_S004_13_PERSON_PHNO (PID, PH_NO)
VALUES(13119,1503367257);
INSERT INTO Fall22_S004_13_PERSON_PHNO (PID, PH_NO)
VALUES(13121,3319688433);

INSERT INTO Fall22_S004_13_PATIENT_AILMENT (PA_ID, AILMENT)
VALUES (5501,'Headache');
INSERT INTO Fall22_S004_13_PATIENT_AILMENT (PA_ID, AILMENT)
VALUES (5502, 'Acne');
INSERT INTO Fall22_S004_13_PATIENT_AILMENT (PA_ID, AILMENT)
VALUES (5503, 'Alzheimers disease');
INSERT INTO Fall22_S004_13_PATIENT_AILMENT (PA_ID, AILMENT)
VALUES (5504, 'Anxiety');
INSERT INTO Fall22_S004_13_PATIENT_AILMENT (PA_ID, AILMENT)
VALUES (5505, 'Asthma');
INSERT INTO Fall22_S004_13_PATIENT_AILMENT (PA_ID, AILMENT)
VALUES (5506, 'Cold sore');
INSERT INTO Fall22_S004_13_PATIENT_AILMENT (PA_ID, AILMENT)
VALUES (5507, 'Common Cold');
INSERT INTO Fall22_S004_13_PATIENT_AILMENT (PA_ID, AILMENT)
VALUES (5508, 'Cough');
INSERT INTO Fall22_S004_13_PATIENT_AILMENT (PA_ID, AILMENT)
VALUES (5509, 'Coronavirus');
INSERT INTO Fall22_S004_13_PATIENT_AILMENT (PA_ID, AILMENT)
VALUES (5510, 'Dementia');
INSERT INTO Fall22_S004_13_PATIENT_AILMENT (PA_ID, AILMENT)
VALUES (5511, 'Diabetes');
INSERT INTO Fall22_S004_13_PATIENT_AILMENT (PA_ID, AILMENT)
VALUES (5512, 'Food poisoning');
INSERT INTO Fall22_S004_13_PATIENT_AILMENT (PA_ID, AILMENT)
VALUES (5513, 'Insomnia');
INSERT INTO Fall22_S004_13_PATIENT_AILMENT (PA_ID, AILMENT)
VALUES (5514, 'Kidney Stones');
INSERT INTO Fall22_S004_13_PATIENT_AILMENT (PA_ID, AILMENT)
VALUES (5515, 'Liver cancer');
INSERT INTO Fall22_S004_13_PATIENT_AILMENT (PA_ID, AILMENT)
VALUES (5516, 'Malaria');
INSERT INTO Fall22_S004_13_PATIENT_AILMENT (PA_ID, AILMENT)
VALUES (5517, 'Headache');
INSERT INTO Fall22_S004_13_PATIENT_AILMENT (PA_ID, AILMENT)
VALUES (5518, 'Acne');
INSERT INTO Fall22_S004_13_PATIENT_AILMENT (PA_ID, AILMENT)
VALUES (5519, 'Common Cold');
INSERT INTO Fall22_S004_13_PATIENT_AILMENT (PA_ID, AILMENT)
VALUES (5520, 'Cough');
INSERT INTO Fall22_S004_13_PATIENT_AILMENT (PA_ID, AILMENT)
VALUES (5521, 'Diabetes');
INSERT INTO Fall22_S004_13_PATIENT_AILMENT (PA_ID, AILMENT)
VALUES (5523, 'Coronavirus');
INSERT INTO Fall22_S004_13_PATIENT_AILMENT (PA_ID, AILMENT)
VALUES (5524, 'Asthma');
INSERT INTO Fall22_S004_13_PATIENT_AILMENT (PA_ID, AILMENT)
VALUES (5525, 'Dengue');
INSERT INTO Fall22_S004_13_PATIENT_AILMENT (PA_ID, AILMENT)
VALUES (5526, 'Food Allergy');
INSERT INTO Fall22_S004_13_PATIENT_AILMENT (PA_ID, AILMENT)
VALUES (5527, 'Kidney Stones');
INSERT INTO Fall22_S004_13_PATIENT_AILMENT (PA_ID, AILMENT)
VALUES (5528, 'Coronavirus');
INSERT INTO Fall22_S004_13_PATIENT_AILMENT (PA_ID, AILMENT)
VALUES (5529, 'Malaria');
INSERT INTO Fall22_S004_13_PATIENT_AILMENT (PA_ID, AILMENT)
VALUES (5530, 'Cough');
INSERT INTO Fall22_S004_13_PATIENT_AILMENT (PA_ID, AILMENT)
VALUES (5531, 'Diabetes');
INSERT INTO Fall22_S004_13_PATIENT_AILMENT (PA_ID, AILMENT)
VALUES (5532, 'Diabetes');
INSERT INTO Fall22_S004_13_PATIENT_AILMENT (PA_ID, AILMENT)
VALUES (5533, 'Food poisoning');
INSERT INTO Fall22_S004_13_PATIENT_AILMENT (PA_ID, AILMENT)
VALUES (5534, 'Insomnia');
INSERT INTO Fall22_S004_13_PATIENT_AILMENT (PA_ID, AILMENT)
VALUES (5535, 'Kidney Stones');
INSERT INTO Fall22_S004_13_PATIENT_AILMENT (PA_ID, AILMENT)
VALUES (5536, 'Liver cancer');
INSERT INTO Fall22_S004_13_PATIENT_AILMENT (PA_ID, AILMENT)
VALUES (5537, 'Malaria');
INSERT INTO Fall22_S004_13_PATIENT_AILMENT (PA_ID, AILMENT)
VALUES (5538, 'Headache');
INSERT INTO Fall22_S004_13_PATIENT_AILMENT (PA_ID, AILMENT)
VALUES (5539, 'Acne');
INSERT INTO Fall22_S004_13_PATIENT_AILMENT (PA_ID, AILMENT)
VALUES (5540, 'Common Cold');
INSERT INTO Fall22_S004_13_PATIENT_AILMENT (PA_ID, AILMENT)
VALUES (5541, 'Cough');
INSERT INTO Fall22_S004_13_PATIENT_AILMENT (PA_ID, AILMENT)
VALUES (5542, 'Diabetes');
INSERT INTO Fall22_S004_13_PATIENT_AILMENT (PA_ID, AILMENT)
VALUES (5543, 'Diabetes');
INSERT INTO Fall22_S004_13_PATIENT_AILMENT (PA_ID, AILMENT)
VALUES (5544, 'Food poisoning');
INSERT INTO Fall22_S004_13_PATIENT_AILMENT (PA_ID, AILMENT)
VALUES (5545, 'Insomnia');
INSERT INTO Fall22_S004_13_PATIENT_AILMENT (PA_ID, AILMENT)
VALUES (5546, 'Kidney Stones');
INSERT INTO Fall22_S004_13_PATIENT_AILMENT (PA_ID, AILMENT)
VALUES (5547, 'Liver cancer');
INSERT INTO Fall22_S004_13_PATIENT_AILMENT (PA_ID, AILMENT)
VALUES (5548, 'Malaria');
INSERT INTO Fall22_S004_13_PATIENT_AILMENT (PA_ID, AILMENT)
VALUES (5549, 'Headache');
INSERT INTO Fall22_S004_13_PATIENT_AILMENT (PA_ID, AILMENT)
VALUES (5550, 'Acne');
INSERT INTO Fall22_S004_13_PATIENT_AILMENT (PA_ID, AILMENT)
VALUES (5551, 'Common Cold');
INSERT INTO Fall22_S004_13_PATIENT_AILMENT (PA_ID, AILMENT)
VALUES (5552, 'Cough');
INSERT INTO Fall22_S004_13_PATIENT_AILMENT (PA_ID, AILMENT)
VALUES (5553, 'Diabetes');
INSERT INTO Fall22_S004_13_PATIENT_AILMENT (PA_ID, AILMENT)
VALUES (5554,'Headache');
INSERT INTO Fall22_S004_13_PATIENT_AILMENT (PA_ID, AILMENT)
VALUES (5555, 'Acne');
INSERT INTO Fall22_S004_13_PATIENT_AILMENT (PA_ID, AILMENT)
VALUES (5556, 'Alzheimers disease');
INSERT INTO Fall22_S004_13_PATIENT_AILMENT (PA_ID, AILMENT)
VALUES (5557, 'Anxiety');
INSERT INTO Fall22_S004_13_PATIENT_AILMENT (PA_ID, AILMENT)
VALUES (5558, 'Asthma');
INSERT INTO Fall22_S004_13_PATIENT_AILMENT (PA_ID, AILMENT)
VALUES (5559, 'Cold sore');
INSERT INTO Fall22_S004_13_PATIENT_AILMENT (PA_ID, AILMENT)
VALUES (5560, 'Common Cold');
INSERT INTO Fall22_S004_13_PATIENT_AILMENT (PA_ID, AILMENT)
VALUES (5561, 'Cough');
INSERT INTO Fall22_S004_13_PATIENT_AILMENT (PA_ID, AILMENT)
VALUES (5562, 'Coronavirus');
INSERT INTO Fall22_S004_13_PATIENT_AILMENT (PA_ID, AILMENT)
VALUES (5563, 'Dementia');
INSERT INTO Fall22_S004_13_PATIENT_AILMENT (PA_ID, AILMENT)
VALUES (5564, 'Diabetes');
INSERT INTO Fall22_S004_13_PATIENT_AILMENT (PA_ID, AILMENT)
VALUES (5565, 'Food poisoning');
INSERT INTO Fall22_S004_13_PATIENT_AILMENT (PA_ID, AILMENT)
VALUES (5566, 'Insomnia');

INSERT INTO Fall22_S004_13_DEPARTMENT_LOCATION(DID, LOCATIONS)
VALUES(1100,'Burleson');
INSERT INTO Fall22_S004_13_DEPARTMENT_LOCATION(DID, LOCATIONS)
VALUES(2100,'Colleyville');
INSERT INTO Fall22_S004_13_DEPARTMENT_LOCATION(DID, LOCATIONS)
VALUES(3100,'Grand Prairie');
INSERT INTO Fall22_S004_13_DEPARTMENT_LOCATION(DID, LOCATIONS)
VALUES(4100,'Fort Worth');
INSERT INTO Fall22_S004_13_DEPARTMENT_LOCATION(DID, LOCATIONS)
VALUES(5100,'Dallas');
INSERT INTO Fall22_S004_13_DEPARTMENT_LOCATION(DID, LOCATIONS)
VALUES(1101,'Burleson');
INSERT INTO Fall22_S004_13_DEPARTMENT_LOCATION(DID, LOCATIONS)
VALUES(2101,'Colleyville');
INSERT INTO Fall22_S004_13_DEPARTMENT_LOCATION(DID, LOCATIONS)
VALUES(3101,'Grand Prairie');
INSERT INTO Fall22_S004_13_DEPARTMENT_LOCATION(DID, LOCATIONS)
VALUES(4101,'Fort Worth');
INSERT INTO Fall22_S004_13_DEPARTMENT_LOCATION(DID, LOCATIONS)
VALUES(5101,'Dallas');
INSERT INTO Fall22_S004_13_DEPARTMENT_LOCATION(DID, LOCATIONS)
VALUES(1102,'Burleson');
INSERT INTO Fall22_S004_13_DEPARTMENT_LOCATION(DID, LOCATIONS)
VALUES(2102,'Colleyville');
INSERT INTO Fall22_S004_13_DEPARTMENT_LOCATION(DID, LOCATIONS)
VALUES(3102,'Grand Prairie');
INSERT INTO Fall22_S004_13_DEPARTMENT_LOCATION(DID, LOCATIONS)
VALUES(4102,'Fort Worth');
INSERT INTO Fall22_S004_13_DEPARTMENT_LOCATION(DID, LOCATIONS)
VALUES(5102,'Dallas');
INSERT INTO Fall22_S004_13_DEPARTMENT_LOCATION(DID, LOCATIONS)
VALUES(1103,'Burleson');
INSERT INTO Fall22_S004_13_DEPARTMENT_LOCATION(DID, LOCATIONS)
VALUES(2103,'Colleyville');
INSERT INTO Fall22_S004_13_DEPARTMENT_LOCATION(DID, LOCATIONS)
VALUES(3103,'Grand Prairie');
INSERT INTO Fall22_S004_13_DEPARTMENT_LOCATION(DID, LOCATIONS)
VALUES(4103,'Fort Worth');
INSERT INTO Fall22_S004_13_DEPARTMENT_LOCATION(DID, LOCATIONS)
VALUES(5103,'Dallas');
INSERT INTO Fall22_S004_13_DEPARTMENT_LOCATION(DID, LOCATIONS)
VALUES(1104,'Burleson');
INSERT INTO Fall22_S004_13_DEPARTMENT_LOCATION(DID, LOCATIONS)
VALUES(2104,'Colleyville');
INSERT INTO Fall22_S004_13_DEPARTMENT_LOCATION(DID, LOCATIONS)
VALUES(3104,'Grand Prairie');
INSERT INTO Fall22_S004_13_DEPARTMENT_LOCATION(DID, LOCATIONS)
VALUES(4104,'Fort Worth');
INSERT INTO Fall22_S004_13_DEPARTMENT_LOCATION(DID, LOCATIONS)
VALUES(5104,'Dallas');


INSERT INTO Fall22_S004_13_INSURANCE(InID, INS_PROVIDER)
VALUES(1740, 'Blue Cross Blue Shield');
INSERT INTO Fall22_S004_13_INSURANCE(InID, INS_PROVIDER)
VALUES(1741, 'Scott - White Health Plan');
INSERT INTO Fall22_S004_13_INSURANCE(InID, INS_PROVIDER)
VALUES(1742, 'FirstCare Health Plan');


INSERT INTO Fall22_S004_13_CONTAINS(RID, HID, C_TYPE, NO_OF_ROOMS)
VALUES(100,801,'General', 20);
INSERT INTO Fall22_S004_13_CONTAINS(RID, HID, C_TYPE, NO_OF_ROOMS)
VALUES(101,801, 'Maternity', 10);
INSERT INTO Fall22_S004_13_CONTAINS(RID, HID, C_TYPE, NO_OF_ROOMS)
VALUES(102,801,'Shared', 30);
INSERT INTO Fall22_S004_13_CONTAINS(RID, HID, C_TYPE, NO_OF_ROOMS)
VALUES(200,801,'Quarantine', 10);
INSERT INTO Fall22_S004_13_CONTAINS(RID, HID, C_TYPE, NO_OF_ROOMS)
VALUES(201,801,'Deluxe', 10);
INSERT INTO Fall22_S004_13_CONTAINS(RID, HID, C_TYPE, NO_OF_ROOMS)
VALUES(300,801,'Private', 10);
INSERT INTO Fall22_S004_13_CONTAINS(RID, HID, C_TYPE, NO_OF_ROOMS)
VALUES(301,801,'ER', 10);

INSERT INTO Fall22_S004_13_CONTAINS(RID, HID, C_TYPE, NO_OF_ROOMS)
VALUES(100,802,'General', 20);
INSERT INTO Fall22_S004_13_CONTAINS(RID, HID, C_TYPE, NO_OF_ROOMS)
VALUES(102,802,'Shared', 30);
INSERT INTO Fall22_S004_13_CONTAINS(RID, HID, C_TYPE, NO_OF_ROOMS)
VALUES(200,802,'Quarantine', 10);
INSERT INTO Fall22_S004_13_CONTAINS(RID, HID, C_TYPE, NO_OF_ROOMS)
VALUES(300,802,'Private', 10);
INSERT INTO Fall22_S004_13_CONTAINS(RID, HID, C_TYPE, NO_OF_ROOMS)
VALUES(301,802,'ER', 10);


INSERT INTO Fall22_S004_13_CONTAINS(RID, HID, C_TYPE, NO_OF_ROOMS)
VALUES(101,803, 'Maternity',10);
INSERT INTO Fall22_S004_13_CONTAINS(RID, HID, C_TYPE, NO_OF_ROOMS)
VALUES(102,803,'Shared', 30);
INSERT INTO Fall22_S004_13_CONTAINS(RID, HID, C_TYPE, NO_OF_ROOMS)
VALUES(201,803,'Deluxe', 10);
INSERT INTO Fall22_S004_13_CONTAINS(RID, HID, C_TYPE, NO_OF_ROOMS)
VALUES(300,803,'Private', 10);
INSERT INTO Fall22_S004_13_CONTAINS(RID, HID, C_TYPE, NO_OF_ROOMS)
VALUES(301,803,'ER', 10);


INSERT INTO Fall22_S004_13_CONTAINS(RID, HID, C_TYPE, NO_OF_ROOMS)
VALUES(102,804,'Shared', 30);
INSERT INTO Fall22_S004_13_CONTAINS(RID, HID, C_TYPE, NO_OF_ROOMS)
VALUES(200,804,'Quarantine', 10);
INSERT INTO Fall22_S004_13_CONTAINS(RID, HID, C_TYPE, NO_OF_ROOMS)
VALUES(300,804,'Private', 10);
INSERT INTO Fall22_S004_13_CONTAINS(RID, HID, C_TYPE, NO_OF_ROOMS)
VALUES(301,804,'ER', 10);

INSERT INTO Fall22_S004_13_CONTAINS(RID, HID, C_TYPE, NO_OF_ROOMS)
VALUES(100,805,'General', 20);
INSERT INTO Fall22_S004_13_CONTAINS(RID, HID, C_TYPE, NO_OF_ROOMS)
VALUES(101,805, 'Maternity', 10);
INSERT INTO Fall22_S004_13_CONTAINS(RID, HID, C_TYPE, NO_OF_ROOMS)
VALUES(102,805,'Shared', 30);
INSERT INTO Fall22_S004_13_CONTAINS(RID, HID, C_TYPE, NO_OF_ROOMS)
VALUES(200,805,'Quarantine', 10);
INSERT INTO Fall22_S004_13_CONTAINS(RID, HID, C_TYPE, NO_OF_ROOMS)
VALUES(201,805,'Deluxe', 10);
INSERT INTO Fall22_S004_13_CONTAINS(RID, HID, C_TYPE, NO_OF_ROOMS)
VALUES(300,805,'Private', 10);
INSERT INTO Fall22_S004_13_CONTAINS(RID, HID, C_TYPE, NO_OF_ROOMS)
VALUES(301,805,'ER', 10);


INSERT INTO Fall22_S004_13_CONSULTED_BY(CID,EID)
VALUES(10,114);
INSERT INTO Fall22_S004_13_CONSULTED_BY(CID,EID)
VALUES(11,103);
INSERT INTO Fall22_S004_13_CONSULTED_BY(CID,EID)
VALUES(12,116);
INSERT INTO Fall22_S004_13_CONSULTED_BY(CID,EID)
VALUES(13,107);
INSERT INTO Fall22_S004_13_CONSULTED_BY(CID,EID)
VALUES(14,119);
INSERT INTO Fall22_S004_13_CONSULTED_BY(CID,EID)
VALUES(15,135);


INSERT INTO Fall22_S004_13_INSURED_BY(PA_ID, InID)
VALUES(5501,1740);
INSERT INTO Fall22_S004_13_INSURED_BY(PA_ID, InID)
VALUES(5502,1741);
INSERT INTO Fall22_S004_13_INSURED_BY(PA_ID, InID)
VALUES(5503,1742);
INSERT INTO Fall22_S004_13_INSURED_BY(PA_ID, InID)
VALUES(5504,NULL);
INSERT INTO Fall22_S004_13_INSURED_BY(PA_ID, InID)
VALUES(5505,1741);
INSERT INTO Fall22_S004_13_INSURED_BY(PA_ID, InID)
VALUES(5506,1742);
INSERT INTO Fall22_S004_13_INSURED_BY(PA_ID, InID)
VALUES(5507,NULL);
INSERT INTO Fall22_S004_13_INSURED_BY(PA_ID, InID)
VALUES(5508,1740);
INSERT INTO Fall22_S004_13_INSURED_BY(PA_ID, InID)
VALUES(5509,1742);
INSERT INTO Fall22_S004_13_INSURED_BY(PA_ID, InID)
VALUES(5510,NULL);
INSERT INTO Fall22_S004_13_INSURED_BY(PA_ID, InID)
VALUES(5511,1741);
INSERT INTO Fall22_S004_13_INSURED_BY(PA_ID, InID)
VALUES(5512,1742);
INSERT INTO Fall22_S004_13_INSURED_BY(PA_ID, InID)
VALUES(5513,1740);
INSERT INTO Fall22_S004_13_INSURED_BY(PA_ID, InID)
VALUES(5514,1740);
INSERT INTO Fall22_S004_13_INSURED_BY(PA_ID, InID)
VALUES(5515,1741);
INSERT INTO Fall22_S004_13_INSURED_BY(PA_ID, InID)
VALUES(5516,NULL);
INSERT INTO Fall22_S004_13_INSURED_BY(PA_ID, InID)
VALUES(5517,1742);
INSERT INTO Fall22_S004_13_INSURED_BY(PA_ID, InID)
VALUES(5518,1740);
INSERT INTO Fall22_S004_13_INSURED_BY(PA_ID, InID)
VALUES(5519,1741);
INSERT INTO Fall22_S004_13_INSURED_BY(PA_ID, InID)
VALUES(5520,1741);
INSERT INTO Fall22_S004_13_INSURED_BY(PA_ID, InID)
VALUES(5521,NULL);
INSERT INTO Fall22_S004_13_INSURED_BY(PA_ID, InID)
VALUES(5522,1742);
INSERT INTO Fall22_S004_13_INSURED_BY(PA_ID, InID)
VALUES(5523,1740);
INSERT INTO Fall22_S004_13_INSURED_BY(PA_ID, InID)
VALUES(5524,1742);
INSERT INTO Fall22_S004_13_INSURED_BY(PA_ID, InID)
VALUES(5525,1741);
INSERT INTO Fall22_S004_13_INSURED_BY(PA_ID, InID)
VALUES(5526,NULL);
INSERT INTO Fall22_S004_13_INSURED_BY(PA_ID, InID)
VALUES(5527,1742);
INSERT INTO Fall22_S004_13_INSURED_BY(PA_ID, InID)
VALUES(5528,1740);
INSERT INTO Fall22_S004_13_INSURED_BY(PA_ID, InID)
VALUES(5529,1741);
INSERT INTO Fall22_S004_13_INSURED_BY(PA_ID, InID)
VALUES(5530,1742);
INSERT INTO Fall22_S004_13_INSURED_BY(PA_ID, InID)
VALUES(5531,1741);
INSERT INTO Fall22_S004_13_INSURED_BY(PA_ID, InID)
VALUES(5532,1742);
INSERT INTO Fall22_S004_13_INSURED_BY(PA_ID, InID)
VALUES(5533,1740);
INSERT INTO Fall22_S004_13_INSURED_BY(PA_ID, InID)
VALUES(5534,NULL);
INSERT INTO Fall22_S004_13_INSURED_BY(PA_ID, InID)
VALUES(5535,1740);
INSERT INTO Fall22_S004_13_INSURED_BY(PA_ID, InID)
VALUES(5536,1741);
INSERT INTO Fall22_S004_13_INSURED_BY(PA_ID, InID)
VALUES(5537,1742);
INSERT INTO Fall22_S004_13_INSURED_BY(PA_ID, InID)
VALUES(5538,1741);
INSERT INTO Fall22_S004_13_INSURED_BY(PA_ID, InID)
VALUES(5539,1742);
INSERT INTO Fall22_S004_13_INSURED_BY(PA_ID, InID)
VALUES(5540,1740);
INSERT INTO Fall22_S004_13_INSURED_BY(PA_ID, InID)
VALUES(5541,1741);
INSERT INTO Fall22_S004_13_INSURED_BY(PA_ID, InID)
VALUES(5542,1742);
INSERT INTO Fall22_S004_13_INSURED_BY(PA_ID, InID)
VALUES(5543,NULL);
INSERT INTO Fall22_S004_13_INSURED_BY(PA_ID, InID)
VALUES(5544,1740);
INSERT INTO Fall22_S004_13_INSURED_BY(PA_ID, InID)
VALUES(5545,1741);
INSERT INTO Fall22_S004_13_INSURED_BY(PA_ID, InID)
VALUES(5546,1741);
INSERT INTO Fall22_S004_13_INSURED_BY(PA_ID, InID)
VALUES(5547,1742);
INSERT INTO Fall22_S004_13_INSURED_BY(PA_ID, InID)
VALUES(5548,1740);
INSERT INTO Fall22_S004_13_INSURED_BY(PA_ID, InID)
VALUES(5549,1742);
INSERT INTO Fall22_S004_13_INSURED_BY(PA_ID, InID)
VALUES(5550,NULL);
INSERT INTO Fall22_S004_13_INSURED_BY(PA_ID, InID)
VALUES(5551,1742);
INSERT INTO Fall22_S004_13_INSURED_BY(PA_ID, InID)
VALUES(5552,1741);
INSERT INTO Fall22_S004_13_INSURED_BY(PA_ID, InID)
VALUES(5553,1741);
INSERT INTO Fall22_S004_13_INSURED_BY(PA_ID, InID)
VALUES(5554,1740);
INSERT INTO Fall22_S004_13_INSURED_BY(PA_ID, InID)
VALUES(5555,1742);
INSERT INTO Fall22_S004_13_INSURED_BY(PA_ID, InID)
VALUES(5556,1740);
INSERT INTO Fall22_S004_13_INSURED_BY(PA_ID, InID)
VALUES(5557,1740);
INSERT INTO Fall22_S004_13_INSURED_BY(PA_ID, InID)
VALUES(5558,NULL);
INSERT INTO Fall22_S004_13_INSURED_BY(PA_ID, InID)
VALUES(5559,1741);
INSERT INTO Fall22_S004_13_INSURED_BY(PA_ID, InID)
VALUES(5560,1742);
INSERT INTO Fall22_S004_13_INSURED_BY(PA_ID, InID)
VALUES(5561,NULL);
INSERT INTO Fall22_S004_13_INSURED_BY(PA_ID, InID)
VALUES(5562,1742);
INSERT INTO Fall22_S004_13_INSURED_BY(PA_ID, InID)
VALUES(5563,1740);
INSERT INTO Fall22_S004_13_INSURED_BY(PA_ID, InID)
VALUES(5564,1741);
INSERT INTO Fall22_S004_13_INSURED_BY(PA_ID, InID)
VALUES(5565,1741);
INSERT INTO Fall22_S004_13_INSURED_BY(PA_ID, InID)
VALUES(5566,1740);

